Time,Sensor 1
0,113565
0.04,113668
0.06,113715
0.08,113738
0.1,113726
0.12,113700
0.14,113575
0.16,113434
0.18,113339
0.2,113240
0.22,113169
0.24,113174
0.26,113187
0.28,113241
0.3,113303
0.32,113308
0.34,113374
0.36,113439
0.38,113432
0.4,113470
0.42,113462
0.44,113429
0.46,113450
0.48,113443
0.5,113457
0.52,113520
0.54,113508
0.56,113507
0.58,113559
0.6,113592
0.62,113632
0.64,113667
0.66,113650
0.68,113670
0.7,113719
0.72,113726
0.74,113750
0.76,113797
0.78,113768
0.8,113809
0.82,113838
0.84,113839
0.86,113887
0.88,113896
0.9,113828
0.92,113750
0.94,113618
0.96,113512
0.98,113467
1,113382
1.02,113382
1.04,113417
1.06,113456
1.08,113547
1.1,113623
1.12,113627
1.14,113700
1.16,113725
1.18,113741
1.2,113757
1.22,113719
1.24,113706
1.26,113725
1.28,113732
1.3,113758
1.32,113813
1.34,113821
1.36,113833
1.38,113896
1.4,113888
1.42,113977
1.44,113998
1.46,113974
1.48,113997
1.5,114029
1.52,114055
1.54,114110
1.56,114087
1.58,114074
1.6,114128
1.62,114130
1.64,114178
1.66,114221
1.68,114111
1.7,114006
1.72,113866
1.74,113730
1.76,113671
1.78,113617
1.8,113577
1.82,113618
1.84,113661
1.86,113681
1.88,113770
1.9,113774
1.92,113800
1.94,113840
1.96,113815
1.98,113830
2,113853
2.02,113813
2.04,113820
2.06,113846
2.08,113856
2.1,113896
2.12,113921
2.14,113947
2.16,113943
2.18,114002
2.2,114012
2.22,114067
2.24,114068
2.26,114058
2.28,114107
2.3,114112
2.32,114135
2.34,114160
2.36,114167
2.38,114163
2.4,114200
2.42,114202
2.44,114257
2.46,114267
2.48,114225
2.5,114167
2.52,114031
2.54,113900
2.56,113808
2.58,113696
2.6,113646
2.62,113673
2.64,113678
2.66,113712
2.68,113791
2.7,113795
2.72,113829
2.74,113876
2.76,113876
2.78,113908
2.8,113899
2.82,113854
2.84,113851
2.86,113874
2.88,113894
2.9,113924
2.92,113915
2.94,113938
2.96,113990
2.98,114001
3,114032
3.02,114094
3.04,114062
3.06,114093
3.08,114157
3.1,114128
3.12,114173
3.14,114179
3.16,114148
3.18,114191
3.2,114220
3.22,114222
3.24,114286
3.26,114301
3.28,114269
3.3,114299
3.32,114289
3.34,114171
3.36,114083
3.38,113882
3.4,113777
3.42,113740
3.44,113710
3.46,113752
3.48,113807
3.5,113787
3.52,113862
3.54,113919
3.56,113957
3.58,114010
3.6,114016
3.62,113965
3.64,113983
3.66,113965
3.68,113953
3.7,113982
3.72,113936
3.74,113966
3.76,114005
3.78,114038
3.8,114087
3.82,114116
3.84,114098
3.86,114123
3.88,114190
3.9,114173
3.92,114240
3.94,114232
3.96,114211
3.98,114256
4,114240
4.02,114266
4.04,114328
4.06,114308
4.08,114315
4.1,114367
4.12,114321
4.14,114260
4.16,114145
4.18,114168
4.2,114379
4.22,114757
4.24,115218
4.26,115474
4.28,115376
4.3,115443
4.32,115844
4.34,116349
4.36,116672
4.38,116677
4.4,116519
4.42,116480
4.44,116613
4.46,117044
4.48,117786
4.5,118755
4.52,120285
4.54,122275
4.56,123706
4.58,124815
4.6,126220
4.62,127740
4.64,128943
4.66,130025
4.68,130703
4.7,131322
4.72,132096
4.74,132878
4.76,133617
4.78,134199
4.8,134530
4.82,134948
4.84,135192
4.86,135216
4.88,135232
4.9,135173
4.92,135021
4.94,134948
4.96,134701
4.98,134395
5,134072
5.02,133857
5.04,133200
5.06,131795
5.08,130865
5.1,130237
5.12,129470
5.14,128170
5.16,125917
5.18,122710
5.2,120996
5.22,120056
5.24,119346
5.26,118824
5.28,118375
5.3,117919
5.32,117628
5.34,117370
5.36,117103
5.38,116904
5.4,116781
5.42,116584
5.44,116475
5.46,116370
5.48,116244
5.5,116177
5.52,116093
5.54,115941
5.56,115876
5.58,115803
5.6,115696
5.62,115659
5.64,115525
5.66,115401
5.68,115364
5.7,115275
5.72,115232
5.74,115186
5.76,115074
5.78,114991
5.8,114814
5.82,114548
5.84,114422
5.86,114222
5.88,114078
5.9,114039
5.92,114042
5.94,114052
5.96,114096
5.98,114082
6,114128
6.02,114192
6.04,114189
6.06,114219
6.08,114214
6.1,114152
6.12,114128
6.14,114103
6.16,114077
6.18,114122
6.2,114120
6.22,114111
6.24,114159
6.26,114170
6.28,114208
6.3,114249
6.32,114229
6.34,114241
6.36,114272
6.38,114277
6.4,114313
6.42,114332
6.44,114318
6.46,114345
6.48,114375
6.5,114388
6.52,114455
6.54,114446
6.56,114413
6.58,114341
6.6,114135
6.62,113989
6.64,113874
6.66,113733
6.68,113708
6.7,113716
6.72,113744
6.74,113811
6.76,113868
6.78,113865
6.8,113929
6.82,113992
6.84,113986
6.86,114028
6.88,113979
6.9,113925
6.92,113933
6.94,113929
6.96,113922
6.98,113982
7,113989
7.02,114004
7.04,114057
7.06,114071
7.08,114129
7.1,114182
7.12,114134
7.14,114182
7.16,114213
7.18,114217
7.2,114291
7.22,114303
7.24,114291
7.26,114324
7.28,114362
7.3,114397
7.32,114435
7.34,114396
7.36,114252
7.38,114093
7.4,113930
7.42,113826
7.44,113795
7.46,113712
7.48,113762
7.5,113826
7.52,113852
7.54,113905
7.56,113975
7.58,113970
7.6,114031
7.62,114048
7.64,114034
7.66,114073
7.68,114030
7.7,114025
7.72,114063
7.74,114060
7.76,114133
7.78,114181
7.8,114166
7.82,114215
7.84,114272
7.86,114285
7.88,114367
7.9,114356
7.92,114359
7.94,114402
7.96,114393
7.98,114406
8,114496
8.02,114464
8.04,114492
8.06,114536
8.08,114553
8.1,114572
8.12,114532
8.14,114389
8.16,114218
8.18,114127
8.2,114029
8.22,114030
8.24,114039
8.26,114029
8.28,114085
8.3,114143
8.32,114177
8.34,114258
8.36,114273
8.38,114278
8.4,114298
8.42,114259
8.44,114280
8.46,114287
8.48,114239
8.5,114261
8.52,114307
8.54,114282
8.56,114378
8.58,114387
8.6,114371
8.62,114431
8.64,114457
8.66,114469
8.68,114542
8.7,114499
8.72,114505
8.74,114549
8.76,114554
8.78,114568
8.8,114654
8.82,114622
8.84,114667
8.86,114682
8.88,114629
8.9,114577
8.92,114446
8.94,114298
8.96,114247
8.98,114239
9,114246
9.02,114292
9.04,114330
9.06,114342
9.08,114401
9.1,114485
9.12,114526
9.14,114563
9.16,114504
9.18,114525
9.2,114536
9.22,114518
9.24,114546
9.26,114567
9.28,114546
9.3,114576
9.32,114621
9.34,114628
9.36,114699
9.38,114696
9.4,114695
9.42,114734
9.44,114757
9.46,114792
9.48,114833
9.5,114823
9.52,114855
9.54,114893
9.56,114893
9.58,114962
9.6,114985
9.62,114912
9.64,114828
9.66,114707
9.68,114605
9.7,114558
9.72,114541
9.74,114519
9.76,114576
9.78,114613
9.8,114664
9.82,114742
9.84,114757
9.86,114788
9.88,114813
9.9,114820
9.92,114841
9.94,114852
9.96,114833
9.98,114846
10,114864
10.02,114868
10.04,114926
10.06,114931
10.08,114933
10.1,114980
10.12,115003
10.14,115035
10.16,115070
10.18,115052
10.2,115058
10.22,115105
10.24,115117
10.26,115176
10.28,115208
10.3,115173
10.32,115210
10.34,115216
10.36,115179
10.38,115141
10.4,115011
10.42,114866
10.44,114808
10.46,114788
10.48,114808
10.5,114853
10.52,114852
10.54,114872
10.56,114901
10.58,114937
10.6,115001
10.62,115018
10.64,114981
10.66,114990
10.68,115013
10.7,114983
10.72,115046
10.74,115035
10.76,115010
10.78,115042
10.8,115064
10.82,115083
10.84,115153
10.86,115128
10.88,115141
10.9,115185
10.92,115192
10.94,115232
10.96,115257
10.98,115240
11,115247
11.02,115273
11.04,115290
11.06,115334
11.08,115345
11.1,115338
11.12,115336
11.14,115324
11.16,115212
11.18,115151
11.2,115014
11.22,114941
11.24,114942
11.26,114947
11.28,114975
11.3,115043
11.32,115020
11.34,115051
11.36,115083
11.38,115111
11.4,115152
11.42,115152
11.44,115093
11.46,115130
11.48,115120
11.5,115109
11.52,115166
11.54,115144
11.56,115132
11.58,115198
11.6,115212
11.62,115240
11.64,115281
11.66,115256
11.68,115282
11.7,115312
11.72,115351
11.74,115331
11.76,115385
11.78,115352
11.8,115386
11.82,115427
11.84,115412
11.86,115481
11.88,115454
11.9,115464
11.92,115495
11.94,115489
11.96,115516
11.98,115524
12,115412
12.02,115311
12.04,115233
12.06,115136
12.08,115150
12.1,115174
12.12,115139
12.14,115169
12.16,115222
12.18,115244
12.2,115315
12.22,115334
12.24,115317
12.26,115324
12.28,115320
12.3,115313
12.32,115336
12.34,115293
12.36,115297
12.38,115320
12.4,115320
12.42,115364
12.44,115407
12.46,115378
12.48,115404
12.5,115431
12.52,115436
12.54,115487
12.56,115506
12.58,115474
12.6,115528
12.62,115518
12.64,115523
12.66,115577
12.68,115569
12.7,115545
12.72,115584
12.74,115606
12.76,115652
12.78,115676
12.8,115646
12.82,115653
12.84,115647
12.86,115564
12.88,115486
12.9,115371
12.92,115290
12.94,115278
12.96,115307
12.98,115313
13,115363
13.02,115375
13.04,115391
13.06,115450
13.08,115470
13.1,115503
13.12,115535
13.14,115474
13.16,115474
13.18,115479
13.2,115498
13.22,115497
13.24,115503
13.26,115479
13.28,115527
13.3,115545
13.32,115562
13.34,115621
13.36,115603
13.38,115602
13.4,115625
13.42,115648
13.44,115651
13.46,115708
13.48,115683
13.5,115701
13.52,115739
13.54,115728
13.56,115782
13.58,115810
13.6,115773
13.62,115811
13.64,115853
13.66,115835
13.68,115900
13.7,115898
13.72,115893
13.74,115884
13.76,115843
13.78,115710
13.8,115622
13.82,115494
13.84,115423
13.86,115418
13.88,115404
13.9,115446
13.92,115482
13.94,115469
13.96,115485
13.98,115554
14,115550
14.02,115597
14.04,115602
14.06,115569
14.08,115572
14.1,115572
14.12,115572
14.14,115615
14.16,115605
14.18,115580
14.2,115620
14.22,115658
14.24,115710
14.26,115747
14.28,115710
14.3,115734
14.32,115771
14.34,115781
14.36,115827
14.38,115852
14.4,115818
14.42,115852
14.44,115862
14.46,115893
14.48,115959
14.5,115938
14.52,115939
14.54,115985
14.56,115995
14.58,116013
14.6,116052
14.62,116030
14.64,116054
14.66,116110
14.68,116119
14.7,116151
14.72,116191
14.74,116145
14.76,116132
14.78,116046
14.8,115915
14.82,115815
14.84,115706
14.86,115631
14.88,115642
14.9,115642
14.92,115665
14.94,115720
14.96,115703
14.98,115715
15,115760
15.02,115760
15.04,115783
15.06,115820
15.08,115751
15.1,115756
15.12,115755
15.14,115766
15.16,115800
15.18,115776
15.2,115761
15.22,115781
15.24,115820
15.26,115839
15.28,115907
15.3,115900
15.32,115889
15.34,115912
15.36,115883
15.38,115949
15.4,115982
15.42,115937
15.44,115963
15.46,116002
15.48,115998
15.5,116046
15.52,116050
15.54,116022
15.56,116055
15.58,116094
15.6,116106
15.62,116129
15.64,116139
15.66,116090
15.68,116152
15.7,116155
15.72,116178
15.74,116182
15.76,116113
15.78,116004
15.8,115895
15.82,115762
15.84,115695
15.86,115708
15.88,115614
15.9,115665
15.92,115669
15.94,115698
15.96,115764
15.98,115771
16,115742
16.02,115763
16.04,115790
16.06,115773
16.08,115782
16.1,115746
16.12,115725
16.14,115735
16.16,115737
16.18,115760
16.2,115802
16.22,115784
16.24,115804
16.26,115863
16.28,115862
16.3,115914
16.32,115914
16.34,115879
16.36,115891
16.38,115931
16.4,115912
16.42,115966
16.44,115948
16.46,115935
16.48,115958
16.5,115969
16.52,115992
16.54,116034
16.56,115982
16.58,115996
16.6,116043
16.62,116047
16.64,116101
16.66,116126
16.68,116113
16.7,116132
16.72,116158
16.74,116083
16.76,116022
16.78,115865
16.8,115706
16.82,115651
16.84,115573
16.86,115577
16.88,115628
16.9,115633
16.92,115612
16.94,115669
16.96,115699
16.98,115748
17,115746
17.02,115733
17.04,115711
17.06,115715
17.08,115681
17.1,115707
17.12,115699
17.14,115679
17.16,115687
17.18,115716
17.2,115719
17.22,115769
17.24,115745
17.26,115727
17.28,115775
17.3,115763
17.32,115776
17.34,115790
17.36,115751
17.38,115761
17.4,115781
17.42,115753
17.44,115798
17.46,115812
17.48,115758
17.5,115793
17.52,115815
17.54,115803
17.56,115857
17.58,115842
17.6,115809
17.62,115824
17.64,115733
17.66,115625
17.68,115536
17.7,115386
17.72,115335
17.74,115320
17.76,115308
17.78,115367
17.8,115383
17.82,115413
17.84,115443
17.86,115476
17.88,115468
17.9,115519
17.92,115484
17.94,115451
17.96,115441
17.98,115416
18,115401
18.02,115448
18.04,115403
18.06,115405
18.08,115437
18.1,115454
18.12,115478
18.14,115515
18.16,115494
18.18,115481
18.2,115533
18.22,115523
18.24,115561
18.26,115546
18.28,115527
18.3,115559
18.32,115562
18.34,115585
18.36,115613
18.38,115591
18.4,115586
18.42,115602
18.44,115549
18.46,115493
18.48,115366
18.5,115231
18.52,115141
18.54,115095
18.56,115085
18.58,115124
18.6,115149
18.62,115130
18.64,115192
18.66,115232
18.68,115262
18.7,115302
18.72,115280
18.74,115244
18.76,115266
18.78,115249
18.8,115217
18.82,115251
18.84,115218
18.86,115222
18.88,115268
18.9,115276
18.92,115297
18.94,115332
18.96,115317
18.98,115352
19,115356
19.02,115329
19.04,115404
19.06,115405
19.08,115373
19.1,115398
19.12,115400
19.14,115422
19.16,115460
19.18,115422
19.2,115447
19.22,115476
19.24,115468
19.26,115411
19.28,115328
19.3,115167
19.32,115078
19.34,115017
19.36,114983
19.38,115020
19.4,115040
19.42,115015
19.44,115059
19.46,115092
19.48,115132
19.5,115194
19.52,115188
19.54,115175
19.56,115172
19.58,115175
19.6,115181
19.62,115217
19.64,115175
19.66,115189
19.68,115238
19.7,115246
19.72,115294
19.74,115309
19.76,115293
19.78,115332
19.8,115352
19.82,115360
19.84,115418
19.86,115405
19.88,115382
19.9,115414
19.92,115461
19.94,115461
19.96,115506
19.98,115482
20,115491
20.02,115522
20.04,115535
20.06,115591
20.08,115609
20.1,115538
20.12,115474
20.14,115353
20.16,115230
20.18,115199
20.2,115150
20.22,115119
20.24,115163
20.26,115170
20.28,115198
20.3,115277
20.32,115260
20.34,115301
20.36,115341
20.38,115351
20.4,115384
20.42,115424
20.44,115370
20.46,115367
20.48,115400
20.5,115412
20.52,115437
20.54,115474
20.56,115447
20.58,115497
20.6,115537
20.62,115528
20.64,115601
20.66,115607
20.68,115691
20.7,115625
20.72,115651
20.74,115663
20.76,115708
20.78,115704
20.8,115688
20.82,115744
20.84,115731
20.86,115774
20.88,115810
20.9,115783
20.92,115807
20.94,115844
20.96,115845
20.98,115903
21,115914
21.02,115891
21.04,115924
21.06,115948
21.08,115910
21.1,115878
21.12,115707
21.14,115533
21.16,115476
21.18,115458
21.2,115438
21.22,115488
21.24,115478
21.26,115472
21.28,115526
21.3,115532
21.32,115574
21.34,115598
21.36,115587
21.38,115623
21.4,115596
21.42,115613
21.44,115646
21.46,115645
21.48,115624
21.5,115619
21.52,115642
21.54,115641
21.56,115684
21.58,115686
21.6,115680
21.62,115714
21.64,115620
21.66,115740
21.68,115774
21.7,115752
21.72,115745
21.74,115796
21.76,115778
21.78,115886
21.8,115767
21.82,115795
21.84,115819
21.86,115886
21.88,115961
21.9,115977
21.92,115913
21.94,115870
21.96,115996
21.98,116005
22,115926
22.02,115997
22.04,115986
22.06,115977
22.08,116000
22.1,116007
22.12,115905
22.14,115886
22.16,115718
22.18,115619
22.2,115551
22.22,115541
22.24,115635
22.26,115669
22.28,115550
22.3,115635
22.32,115660
22.34,115735
22.36,115820
22.38,115711
22.4,115637
22.42,115606
22.44,115771
22.46,115696
22.48,115620
22.5,115552
22.52,115663
22.54,115711
22.56,115699
22.58,115729
22.6,115702
22.62,115745
22.64,115761
22.66,115781
22.68,115794
22.7,115845
22.72,115892
22.74,115896
22.76,115825
22.78,115858
22.8,115912
22.82,115983
22.84,115894
22.86,115821
22.88,115798
22.9,115991
22.92,115895
22.94,115947
22.96,116007
22.98,116018
23,116061
23.02,116082
23.04,116108
23.06,116075
23.08,116122
23.1,116114
23.12,116216
23.14,116182
23.16,116053
23.18,115997
23.2,115802
23.22,115795
23.24,115717
23.26,115681
23.28,115648
23.3,115691
23.32,115731
23.34,115819
23.36,115866
23.38,115761
23.4,115835
23.42,115890
23.44,115913
23.46,115925
23.48,115921
23.5,115913
23.52,115929
23.54,115885
23.56,115894
23.58,115983
23.6,115952
23.62,115914
23.64,115927
23.66,115941
23.68,115903
23.7,116014
23.72,115965
23.74,115974
23.76,115944
23.78,115961
23.8,116038
23.82,116064
23.84,116026
23.86,116007
23.88,116056
23.9,116089
23.92,116129
23.94,116111
23.96,116128
23.98,116159
24,116082
24.02,116154
24.04,116236
24.06,116165
24.08,116108
24.1,116162
24.12,116138
24.14,116144
24.16,116185
24.18,116162
24.2,116092
24.22,115977
24.24,115878
24.26,115861
24.28,115810
24.3,115764
24.32,115824
24.34,115809
24.36,115856
24.38,115902
24.4,115937
24.42,115980
24.44,115996
24.46,115949
24.48,115960
24.5,116023
24.52,115926
24.54,115861
24.56,115895
24.58,115852
24.6,115852
24.62,115885
24.64,115877
24.66,115893
24.68,115827
24.7,115899
24.72,115989
24.74,115976
24.76,115952
24.78,115983
24.8,116029
24.82,115999
24.84,116013
24.86,115963
24.88,116023
24.9,116025
24.92,115952
24.94,116018
24.96,115955
24.98,116017
25,115988
25.02,116023
25.04,115968
25.06,116028
25.08,116030
25.1,116025
25.12,116057
25.14,115964
25.16,115908
25.18,115859
25.2,115744
25.22,115641
25.24,115621
25.26,115623
25.28,115657
25.3,115664
25.32,115648
25.34,115743
25.36,115759
25.38,115707
25.4,115760
25.42,115769
25.44,115664
25.46,115735
25.48,115722
25.5,115682
25.52,115639
25.54,115674
25.56,115699
25.58,115761
25.6,115727
25.62,115730
25.64,115803
25.66,115780
25.68,115759
25.7,115814
25.72,115878
25.74,115839
25.76,115827
25.78,115810
25.8,115859
25.82,115835
25.84,115793
25.86,115826
25.88,115806
25.9,115753
25.92,115806
25.94,115814
25.96,115788
25.98,115815
26,115841
26.02,115853
26.04,115888
26.06,115825
26.08,115755
26.1,115602
26.12,115463
26.14,115381
26.16,115414
26.18,115415
26.2,115436
26.22,115401
26.24,115391
26.26,115495
26.28,115510
26.3,115467
26.32,115521
26.34,115471
26.36,115423
26.38,115475
26.4,115487
26.42,115424
26.44,115420
26.46,115436
26.48,115451
26.5,115502
26.52,115510
26.54,115560
26.56,115622
26.58,115554
26.6,115557
26.62,115601
26.64,115624
26.66,115644
26.68,115573
26.7,115541
26.72,115502
26.74,115641
26.76,115585
26.78,115612
26.8,115546
26.82,115561
26.84,115616
26.86,115648
26.88,115676
26.9,115637
26.92,115649
26.94,115695
26.96,115710
26.98,115615
27,115567
27.02,115418
27.04,115251
27.06,115199
27.08,115201
27.1,115200
27.12,115263
27.14,115240
27.16,115229
27.18,115222
27.2,115231
27.22,115301
27.24,115370
27.26,115246
27.28,115266
27.3,115344
27.32,115338
27.34,115365
27.36,115364
27.38,115311
27.4,115341
27.42,115374
27.44,115396
27.46,115490
27.48,115482
27.5,115445
27.52,115434
27.54,115545
27.56,115525
27.58,115533
27.6,115491
27.62,115476
27.64,115481
27.66,115481
27.68,115552
27.7,115592
27.72,115491
27.74,115508
27.76,115595
27.78,115603
27.8,115625
27.82,115667
27.84,115710
27.86,115689
27.88,115703
27.9,115712
27.92,115796
27.94,115682
27.96,115439
27.98,115327
28,115204
28.02,115241
28.04,115175
28.06,115159
28.08,115145
28.1,115170
28.12,115207
28.14,115276
28.16,115333
28.18,115221
28.2,115293
28.22,115360
28.24,115348
28.26,115401
28.28,115409
28.3,115380
28.32,115376
28.34,115357
28.36,115408
28.38,115477
28.4,115470
28.42,115433
28.44,115468
28.46,115470
28.48,115439
28.5,115546
28.52,115537
28.54,115463
28.56,115518
28.58,115586
28.6,115654
28.62,115675
28.64,115655
28.66,115633
28.68,115685
28.7,115683
28.72,115741
28.74,115815
28.76,115782
28.78,115769
28.8,115775
28.82,115856
28.84,115904
28.86,115834
28.88,115711
28.9,115608
28.92,115412
28.94,115326
28.96,115325
28.98,115260
29,115189
29.02,115260
29.04,115300
29.06,115357
29.08,115396
29.1,115387
29.12,115476
29.14,115451
29.16,115430
29.18,115454
29.2,115505
29.22,115444
29.24,115392
29.26,115389
29.28,115383
29.3,115519
29.32,115444
29.34,115438
29.36,115492
29.38,115448
29.4,115503
29.42,115581
29.44,115551
29.46,115492
29.48,115545
29.5,115596
29.52,115631
29.54,115645
29.56,115592
29.58,115666
29.6,115715
29.62,115671
29.64,115713
29.66,115740
29.68,115718
29.7,115731
29.72,115720
29.74,115730
29.76,115699
29.78,115740
29.8,115707
29.82,115655
29.84,115422
29.86,115327
29.88,115312
29.9,115246
29.92,115206
29.94,115214
29.96,115265
29.98,115329
30,115355
30.02,115349
30.04,115429
30.06,115459
30.08,115374
30.1,115457
30.12,115439
30.14,115390
30.16,115335
30.18,115365
30.2,115348
30.22,115358
30.24,115369
30.26,115394
30.28,115440
30.3,115423
30.32,115478
30.34,115561
30.36,115525
30.38,115549
30.4,115631
30.42,115577
30.44,115600
30.46,115616
30.48,115634
30.5,115661
30.52,115638
30.54,115590
30.56,115638
30.58,115708
30.6,115659
30.62,115642
30.64,115688
30.66,115614
30.68,115707
30.7,115710
30.72,115668
30.74,115514
30.76,115387
30.78,115351
30.8,115311
30.82,115232
30.84,115203
30.86,115297
30.88,115311
30.9,115350
30.92,115367
30.94,115414
30.96,115464
30.98,115437
31,115401
31.02,115434
31.04,115297
31.06,115359
31.08,115317
31.1,115324
31.12,115242
31.14,115316
31.16,115355
31.18,115350
31.2,115414
31.22,115357
31.24,115430
31.26,115472
31.28,115458
31.3,115467
31.32,115547
31.34,115514
31.36,115469
31.38,115521
31.4,115528
31.42,115511
31.44,115502
31.46,115472
31.48,115542
31.5,115486
31.52,115485
31.54,115532
31.56,115542
31.58,115407
31.6,115334
31.62,115240
31.64,115124
31.66,115084
31.68,115066
31.7,115057
31.72,115126
31.74,115113
31.76,115109
31.78,115251
31.8,115258
31.82,115219
31.84,115263
31.86,115288
31.88,115247
31.9,115200
31.92,115135
31.94,115173
31.96,115108
31.98,115109
32,115168
32.02,115180
32.04,115107
32.06,115212
32.08,115232
32.1,115224
32.12,115244
32.14,115263
32.16,115304
32.18,115284
32.2,115254
32.22,115257
32.24,115320
32.26,115312
32.28,115266
32.3,115318
32.32,115234
32.34,115381
32.36,115314
32.38,115237
32.4,115127
32.42,114955
32.44,114835
32.46,114783
32.48,114784
32.5,114684
32.52,114773
32.54,114822
32.56,114818
32.58,114874
32.6,114918
32.62,114968
32.64,115009
32.66,114934
32.68,114913
32.7,114948
32.72,114865
32.74,114839
32.76,114882
32.78,114824
32.8,114766
32.82,114868
32.84,114869
32.86,114904
32.88,114889
32.9,114891
32.92,114946
32.94,114964
32.96,114955
32.98,114963
33,114961
33.02,114950
33.04,114993
33.06,115022
33.08,115062
33.1,115068
33.12,114992
33.14,115038
33.16,115088
33.18,114976
33.2,114826
33.22,114700
33.24,114485
33.26,114404
33.28,114410
33.3,114386
33.32,114385
33.34,114433
33.36,114449
33.38,114488
33.4,114537
33.42,114543
33.44,114687
33.46,114600
33.48,114532
33.5,114539
33.52,114595
33.54,114552
33.56,114553
33.58,114510
33.6,114460
33.62,114620
33.64,114590
33.66,114562
33.68,114632
33.7,114534
33.72,114538
33.74,114640
33.76,114653
33.78,114579
33.8,114661
33.82,114669
33.84,114685
33.86,114699
33.88,114713
33.9,114785
33.92,114796
33.94,114745
33.96,114756
33.98,114861
34,114838
34.02,114779
34.04,114599
34.06,114411
34.08,114218
34.1,114200
34.12,114133
34.14,114163
34.16,114085
34.18,114109
34.2,114196
34.22,114219
34.24,114247
34.26,114238
34.28,114261
34.3,114283
34.32,114315
34.34,114290
34.36,114356
34.38,114360
34.4,114246
34.42,114280
34.44,114373
34.46,114363
34.48,114387
34.5,114376
34.52,114390
34.54,114381
34.56,114410
34.58,114433
34.6,114518
34.62,114442
34.64,114441
34.66,114513
34.68,114535
34.7,114562
34.72,114617
34.74,114573
34.76,114591
34.78,114597
34.8,114643
34.82,114691
34.84,114711
34.86,114660
34.88,114663
34.9,114783
34.92,114767
34.94,114763
34.96,114762
34.98,114665
35,114506
35.02,114354
35.04,114221
35.06,114155
35.08,114002
35.1,114015
35.12,114077
35.14,114098
35.16,114130
35.18,114159
35.2,114217
35.22,114200
35.24,114241
35.26,114236
35.28,114315
35.3,114308
35.32,114226
35.34,114227
35.36,114244
35.38,114311
35.4,114305
35.42,114339
35.44,114297
35.46,114318
35.48,114394
35.5,114441
35.52,114499
35.54,114496
35.56,114480
35.58,114530
35.6,114525
35.62,114556
35.64,114623
35.66,114579
35.68,114564
35.7,114615
35.72,114627
35.74,114676
35.76,114694
35.78,114681
35.8,114681
35.82,114723
35.84,114718
35.86,114757
35.88,114804
35.9,114766
35.92,114816
35.94,114843
35.96,114855
35.98,114900
36,114824
36.02,114665
36.04,114538
36.06,114357
36.08,114248
36.1,114205
36.12,114142
36.14,114146
36.16,114177
36.18,114197
36.2,114238
36.22,114252
36.24,114256
36.26,114288
36.28,114323
36.3,114303
36.32,114337
36.34,114325
36.36,114288
36.38,114283
36.4,114303
36.42,114312
36.44,114375
36.46,114394
36.48,114375
36.5,114445
36.52,114466
36.54,114484
36.56,114519
36.58,114512
36.6,114499
36.62,114525
36.64,114541
36.66,114572
36.68,114600
36.7,114563
36.72,114566
36.74,114611
36.76,114594
36.78,114625
36.8,114669
36.82,114643
36.84,114655
36.86,114695
36.88,114689
36.9,114742
36.92,114731
36.94,114714
36.96,114753
36.98,114754
37,114790
37.02,114848
37.04,114771
37.06,114639
37.08,114500
37.1,114353
37.12,114226
37.14,114177
37.16,114120
37.18,114100
37.2,114165
37.22,114173
37.24,114241
37.26,114299
37.28,114302
37.3,114336
37.32,114345
37.34,114341
37.36,114350
37.38,114329
37.4,114295
37.42,114346
37.44,114334
37.46,114353
37.48,114415
37.5,114421
37.52,114411
37.54,114477
37.56,114476
37.58,114519
37.6,114560
37.62,114558
37.64,114534
37.66,114575
37.68,114571
37.7,114589
37.72,114620
37.74,114581
37.76,114587
37.78,114634
37.8,114635
37.82,114662
37.84,114708
37.86,114646
37.88,114676
37.9,114693
37.92,114720
37.94,114763
37.96,114755
37.98,114754
38,114777
38.02,114767
38.04,114657
38.06,114550
38.08,114398
38.1,114266
38.12,114217
38.14,114184
38.16,114194
38.18,114259
38.2,114248
38.22,114301
38.24,114376
38.26,114399
38.28,114437
38.3,114447
38.32,114406
38.34,114379
38.36,114366
38.38,114354
38.4,114375
38.42,114382
38.44,114355
38.46,114398
38.48,114414
38.5,114423
38.52,114483
38.54,114492
38.56,114470
38.58,114507
38.6,114523
38.62,114524
38.64,114570
38.66,114522
38.68,114525
38.7,114539
38.72,114538
38.74,114570
38.76,114619
38.78,114553
38.8,114596
38.82,114628
38.84,114605
38.86,114651
38.88,114616
38.9,114471
38.92,114366
38.94,114244
38.96,114130
38.98,114140
39,114103
39.02,114085
39.04,114154
39.06,114190
39.08,114239
39.1,114328
39.12,114308
39.14,114318
39.16,114344
39.18,114315
39.2,114298
39.22,114310
39.24,114221
39.26,114230
39.28,114254
39.3,114243
39.32,114308
39.34,114323
39.36,114313
39.38,114363
39.4,114367
39.42,114378
39.44,114410
39.46,114410
39.48,114374
39.5,114389
39.52,114416
39.54,114433
39.56,114477
39.58,114416
39.6,114439
39.62,114463
39.64,114451
39.66,114431
39.68,114334
39.7,114149
39.72,114026
39.74,113939
39.76,113861
39.78,113872
39.8,113864
39.82,113876
39.84,113923
39.86,113970
39.88,114005
39.9,114084
39.92,114058
39.94,114054
39.96,114029
39.98,114021
40,114003
40.02,114006
40.04,113983
40.06,113986
40.08,114016
40.1,114023
40.12,114071
40.14,114076
40.16,114077
40.18,114102
40.2,114135
40.22,114113
40.24,114181
40.26,114149
40.28,114139
40.3,114182
40.32,114181
40.34,114173
40.36,114226
40.38,114207
40.4,114165
40.42,114148
40.44,114029
40.46,113877
40.48,113761
40.5,113626
40.52,113541
40.54,113565
40.56,113552
40.58,113598
40.6,113630
40.62,113622
40.64,113657
40.66,113723
40.68,113726
40.7,113776
40.72,113746
40.74,113711
40.76,113715
40.78,113702
40.8,113697
40.82,113751
40.84,113749
40.86,113733
40.88,113788
40.9,113801
40.92,113853
40.94,113881
40.96,113875
40.98,113886
41,113911
41.02,113915
41.04,113948
41.06,113943
41.08,113918
41.1,113937
41.12,113981
41.14,113985
41.16,114024
41.18,114001
41.2,113904
41.22,113804
41.24,113622
41.26,113474
41.28,113428
41.3,113355
41.32,113313
41.34,113343
41.36,113355
41.38,113365
41.4,113424
41.42,113437
41.44,113465
41.46,113506
41.48,113509
41.5,113531
41.52,113536
41.54,113482
41.56,113493
41.58,113499
41.6,113477
41.62,113543
41.64,113568
41.66,113566
41.68,113582
41.7,113624
41.72,113662
41.74,113717
41.76,113692
41.78,113691
41.8,113729
41.82,113731
41.84,113771
41.86,113785
41.88,113760
41.9,113791
41.92,113818
41.94,113817
41.96,113870
41.98,113894
42,113861
42.02,113911
42.04,113937
42.06,113943
42.08,113939
42.1,113825
42.12,113626
42.14,113479
42.16,113345
42.18,113299
42.2,113304
42.22,113309
42.24,113289
42.26,113359
42.28,113377
42.3,113419
42.32,113474
42.34,113453
42.36,113483
42.38,113514
42.4,113508
42.42,113521
42.44,113528
42.46,113498
42.48,113523
42.5,113550
42.52,113552
42.54,113606
42.56,113630
42.58,113624
42.6,113681
42.62,113700
42.64,113690
42.66,113767
42.68,113760
42.7,113729
42.72,113772
42.74,113786
42.76,113800
42.78,113834
42.8,113826
42.82,113842
42.84,113866
42.86,113872
42.88,113913
42.9,113937
42.92,113921
42.94,113950
42.96,113987
42.98,113982
43,114041
43.02,114058
43.04,114036
43.06,114037
43.08,113941
43.1,113789
43.12,113679
43.14,113525
43.16,113414
43.18,113407
43.2,113445
43.22,113448
43.24,113502
43.26,113525
43.28,113531
43.3,113583
43.32,113625
43.34,113615
43.36,113657
43.38,113605
43.4,113609
43.42,113619
43.44,113613
43.46,113661
43.48,113675
43.5,113657
43.52,113700
43.54,113742
43.56,113762
43.58,113830
43.6,113839
43.62,113828
43.64,113850
43.66,113892
43.68,113898
43.7,113923
43.72,113929
43.74,113899
43.76,113949
43.78,113961
43.8,113991
43.82,114038
43.84,114028
43.86,114032
43.88,114057
43.9,114058
43.92,114095
43.94,114126
43.96,114126
43.98,114139
44,114190
44.02,114191
44.04,114249
44.06,114251
44.08,114224
44.1,114214
44.12,114106
44.14,113950
44.16,113873
44.18,113748
44.2,113697
44.22,113716
44.24,113714
44.26,113766
44.28,113816
44.3,113825
44.32,113853
44.34,113937
44.36,113934
44.38,113966
44.4,113984
44.42,113936
44.44,113923
44.46,113937
44.48,113932
44.5,113966
44.52,113991
44.54,113975
44.56,114022
44.58,114054
44.6,114045
44.62,114106
44.64,114124
44.66,114106
44.68,114129
44.7,114151
44.72,114159
44.74,114195
44.76,114166
44.78,114176
44.8,114208
44.82,114197
44.84,114226
44.86,114260
44.88,114231
44.9,114243
44.92,114286
44.94,114273
44.96,114345
44.98,114341
45,114344
45.02,114369
45.04,114375
45.06,114365
45.08,114346
45.1,114180
45.12,114029
45.14,113965
45.16,113899
45.18,113876
45.2,113909
45.22,113935
45.24,113914
45.26,113981
45.28,114023
45.3,114084
45.32,114125
45.34,114104
45.36,114087
45.38,114116
45.4,114064
45.42,114101
45.44,114088
45.46,114064
45.48,114095
45.5,114134
45.52,114150
45.54,114244
45.56,114221
45.58,114205
45.6,114245
45.62,114259
45.64,114257
45.66,114302
45.68,114261
45.7,114265
45.72,114303
45.74,114300
45.76,114307
45.78,114342
45.8,114327
45.82,114325
45.84,114383
45.86,114376
45.88,114415
45.9,114460
45.92,114404
45.94,114391
45.96,114338
45.98,114168
46,114074
46.02,113968
46.04,113867
46.06,113875
46.08,113898
46.1,113927
46.12,113986
46.14,113982
46.16,113977
46.18,114077
46.2,114082
46.22,114109
46.24,114142
46.26,114088
46.28,114077
46.3,114071
46.32,114061
46.34,114085
46.36,114128
46.38,114093
46.4,114126
46.42,114171
46.44,114187
46.46,114232
46.48,114255
46.5,114247
46.52,114264
46.54,114280
46.56,114276
46.58,114336
46.6,114311
46.62,114281
46.64,114322
46.66,114339
46.68,114352
46.7,114408
46.72,114403
46.74,114394
46.76,114442
46.78,114444
46.8,114473
46.82,114514
46.84,114399
46.86,114251
46.88,114144
46.9,113985
46.92,113924
46.94,113888
46.96,113840
46.98,113883
47,113928
47.02,113934
47.04,114019
47.06,114032
47.08,114029
47.1,114093
47.12,114102
47.14,114108
47.16,114139
47.18,114128
47.2,114098
47.22,114120
47.24,114113
47.26,114146
47.28,114209
47.3,114182
47.32,114209
47.34,114279
47.36,114289
47.38,114332
47.4,114349
47.42,114338
47.44,114366
47.46,114412
47.48,114399
47.5,114428
47.52,114470
47.54,114452
47.56,114449
47.58,114495
47.6,114488
47.62,114522
47.64,114548
47.66,114519
47.68,114584
47.7,114602
47.72,114641
47.74,114674
47.76,114679
47.78,114609
47.8,114485
47.82,114335
47.84,114194
47.86,114119
47.88,114035
47.9,114019
47.92,114055
47.94,114085
47.96,114143
47.98,114182
48,114167
48.02,114205
48.04,114251
48.06,114254
48.08,114294
48.1,114315
48.12,114286
48.14,114289
48.16,114300
48.18,114311
48.2,114363
48.22,114372
48.24,114339
48.26,114412
48.28,114435
48.3,114464
48.32,114525
48.34,114531
48.36,114521
48.38,114573
48.4,114599
48.42,114607
48.44,114664
48.46,114628
48.48,114649
48.5,114682
48.52,114664
48.54,114712
48.56,114754
48.58,114737
48.6,114762
48.62,114794
48.64,114801
48.66,114871
48.68,114887
48.7,114865
48.72,114914
48.74,114880
48.76,114745
48.78,114626
48.8,114467
48.82,114343
48.84,114302
48.86,114319
48.88,114312
48.9,114388
48.92,114370
48.94,114387
48.96,114450
48.98,114471
49,114495
49.02,114570
49.04,114520
49.06,114514
49.08,114531
49.1,114520
49.12,114527
49.14,114538
49.16,114515
49.18,114569
49.2,114604
49.22,114611
49.24,114681
49.26,114712
49.28,114691
49.3,114748
49.32,114788
49.34,114783
49.36,114837
49.38,114831
49.4,114800
49.42,114861
49.44,114849
49.46,114870
49.48,114916
49.5,114884
49.52,114900
49.54,114937
49.56,114936
49.58,114974
49.6,114989
49.62,114970
49.64,115022
49.66,115031
49.68,114996
49.7,114951
49.72,114796
49.74,114613
49.76,114523
49.78,114479
49.8,114448
49.82,114497
49.84,114502
49.86,114492
49.88,114542
49.9,114582
49.92,114625
49.94,114690
49.96,114662
49.98,114639
50,114665
50.02,114641
50.04,114628
50.06,114659
50.08,114616
50.1,114625
50.12,114668
50.14,114676
50.16,114748
50.18,114755
50.2,114739
50.22,114772
50.24,114808
50.26,114806
50.28,114863
50.3,114865
50.32,114810
50.34,114882
50.36,114882
50.38,114878
50.4,114926
50.42,114909
50.44,114890
50.46,114947
50.48,114949
50.5,114964
50.52,115034
50.54,115010
50.56,114978
50.58,114999
50.6,114905
50.62,114809
50.64,114691
50.66,114545
50.68,114480
50.7,114478
50.72,114462
50.74,114508
50.76,114553
50.78,114567
50.8,114622
50.82,114675
50.84,114701
50.86,114739
50.88,114709
50.9,114638
50.92,114644
50.94,114630
50.96,114627
50.98,114675
51,114636
51.02,114637
51.04,114701
51.06,114713
51.08,114749
51.1,114782
51.12,114742
51.14,114767
51.16,114789
51.18,114802
51.2,114825
51.22,114834
51.24,114806
51.26,114815
51.28,114845
51.3,114845
51.32,114901
51.34,114888
51.36,114859
51.38,114915
51.4,114902
51.42,114853
51.44,114796
51.46,114624
51.48,114501
51.5,114428
51.52,114394
51.54,114414
51.56,114441
51.58,114435
51.6,114498
51.62,114543
51.64,114564
51.66,114606
51.68,114638
51.7,114589
51.72,114562
51.74,114553
51.76,114502
51.78,114527
51.8,114507
51.82,114465
51.84,114492
51.86,114520
51.88,114548
51.9,114612
51.92,114596
51.94,114589
51.96,114617
51.98,114615
52,114606
52.02,114644
52.04,114634
52.06,114613
52.08,114660
52.1,114646
52.12,114668
52.14,114707
52.16,114655
52.18,114679
52.2,114641
52.22,114492
52.24,114408
52.26,114283
52.28,114157
52.3,114116
52.32,114094
52.34,114100
52.36,114168
52.38,114162
52.4,114161
52.42,114212
52.44,114259
52.46,114268
52.48,114290
52.5,114259
52.52,114204
52.54,114204
52.56,114183
52.58,114180
52.6,114208
52.62,114184
52.64,114183
52.66,114241
52.68,114235
52.7,114284
52.72,114315
52.74,114295
52.76,114292
52.78,114315
52.8,114307
52.82,114351
52.84,114346
52.86,114314
52.88,114328
52.9,114346
52.92,114347
52.94,114424
52.96,114375
52.98,114307
53,114242
53.02,114084
53.04,113937
53.06,113855
53.08,113758
53.1,113726
53.12,113758
53.14,113760
53.16,113788
53.18,113852
53.2,113836
53.22,113876
53.24,113900
53.26,113907
53.28,113940
53.3,113913
53.32,113850
53.34,113867
53.36,113866
53.38,113879
53.4,113911
53.42,113905
53.44,113907
53.46,113966
53.48,113973
53.5,114011
53.52,114058
53.54,114028
53.56,114029
53.58,114046
53.6,114047
53.62,114061
53.64,114070
53.66,114038
53.68,114065
53.7,114088
53.72,114097
53.74,114140
53.76,114148
53.78,114119
53.8,114118
53.82,114019
53.84,113870
53.86,113757
53.88,113630
53.9,113499
53.92,113506
53.94,113499
53.96,113515
53.98,113552
54,113540
54.02,113539
54.04,113588
54.06,113619
54.08,113641
54.1,113677
54.12,113651
54.14,113632
54.16,113656
54.18,113633
54.2,113677
54.22,113688
54.24,113707
54.26,113714
54.28,113770
54.3,113790
54.32,113813
54.34,113860
54.36,113841
54.38,113876
54.4,113871
54.42,113880
54.44,113942
54.46,113933
54.48,113906
54.5,113936
54.52,113977
54.54,113958
54.56,114016
54.58,114013
54.6,114018
54.62,114038
54.64,114071
54.66,114092
54.68,114152
54.7,114139
54.72,114121
54.74,114173
54.76,114176
54.78,114205
54.8,114210
54.82,114041
54.84,113861
54.86,113714
54.88,113579
54.9,113513
54.92,113496
54.94,113448
54.96,113453
54.98,113481
55,113504
55.02,113554
55.04,113555
55.06,113582
55.08,113620
55.1,113661
55.12,113653
55.14,113695
55.16,113683
55.18,113637
55.2,113688
55.22,113701
55.24,113689
55.26,113774
55.28,113782
55.3,113774
55.32,113848
55.34,113850
55.36,113877
55.38,113906
55.4,113903
55.42,113888
55.44,113930
55.46,113941
55.48,113979
55.5,113981
55.52,113957
55.54,113988
55.56,114045
55.58,114038
55.6,114093
55.62,114100
55.64,114066
55.66,114104
55.68,114121
55.7,114120
55.72,114195
55.74,114190
55.76,114181
55.78,114228
55.8,114265
55.82,114254
55.84,114272
55.86,114166
55.88,113993
55.9,113843
55.92,113677
55.94,113605
55.96,113595
55.98,113534
56,113539
56.02,113580
56.04,113586
56.06,113630
56.08,113686
56.1,113677
56.12,113711
56.14,113742
56.16,113729
56.18,113777
56.2,113764
56.22,113724
56.24,113752
56.26,113764
56.28,113777
56.3,113837
56.32,113846
56.34,113848
56.36,113886
56.38,113920
56.4,113926
56.42,113948
56.44,113963
56.46,113969
56.48,113976
56.5,113982
56.52,114002
56.54,114040
56.56,114014
56.58,114037
56.6,114075
56.62,114057
56.64,114092
56.66,114133
56.68,114104
56.7,114115
56.72,114154
56.74,114145
56.76,114184
56.78,114210
56.8,114189
56.82,114225
56.84,114249
56.86,114269
56.88,114305
56.9,114294
56.92,114227
56.94,114119
56.96,113971
56.98,113803
57,113732
57.02,113646
57.04,113592
57.06,113624
57.08,113657
57.1,113721
57.12,113759
57.14,113767
57.16,113788
57.18,113843
57.2,113860
57.22,113857
57.24,113839
57.26,113781
57.28,113786
57.3,113795
57.32,113784
57.34,113847
57.36,113848
57.38,113829
57.4,113887
57.42,113907
57.44,113927
57.46,113974
57.48,113986
57.5,113956
57.52,113978
57.54,113984
57.56,113998
57.58,114029
57.6,113999
57.62,113993
57.64,114012
57.66,114006
57.68,114047
57.7,114062
57.72,114043
57.74,114042
57.76,114093
57.78,114066
57.8,114129
57.82,114144
57.84,114138
57.86,114170
57.88,114201
57.9,114163
57.92,114145
57.94,114013
57.96,113822
57.98,113722
58,113646
58.02,113582
58.04,113624
58.06,113631
58.08,113638
58.1,113684
58.12,113745
58.14,113786
58.16,113869
58.18,113854
58.2,113814
58.22,113843
58.24,113790
58.26,113783
58.28,113799
58.3,113773
58.32,113764
58.34,113820
58.36,113826
58.38,113872
58.4,113914
58.42,113899
58.44,113916
58.46,113972
58.48,113954
58.5,114001
58.52,114003
58.54,113974
58.56,113983
58.58,113990
58.6,113980
58.62,114035
58.64,114018
58.66,113969
58.68,114027
58.7,114039
58.72,114046
58.74,114096
58.76,114090
58.78,114054
58.8,114054
58.82,113930
58.84,113810
58.86,113675
58.88,113546
58.9,113484
58.92,113485
58.94,113486
58.96,113523
58.98,113561
59,113594
59.02,113657
59.04,113700
59.06,113708
59.08,113748
59.1,113745
59.12,113669
59.14,113689
59.16,113643
59.18,113644
59.2,113689
59.22,113699
59.24,113674
59.26,113719
59.28,113754
59.3,113746
59.32,113817
59.34,113808
59.36,113783
59.38,113837
59.4,113833
59.42,113838
59.44,113896
59.46,113860
59.48,113827
59.5,113875
59.52,113866
59.54,113885
59.56,113926
59.58,113897
59.6,113914
59.62,113948
59.64,113850
59.66,113764
59.68,113619
59.7,113433
59.72,113332
59.74,113314
59.76,113275
59.78,113305
59.8,113336
59.82,113343
59.84,113383
59.86,113409
59.88,113462
59.9,113517
59.92,113503
59.94,113467
59.96,113466
59.98,113448
60,113450
60.02,113475
60.04,113444
60.06,113444
60.08,113473
60.1,113491
60.12,113539
60.14,113577
60.16,113570
60.18,113573
60.2,113612
60.22,113603
60.24,113640
60.26,113642
60.28,113622
60.3,113623
60.32,113660
60.34,113664
60.36,113690
60.38,113698
60.4,113679
60.42,113694
60.44,113702
60.46,113652
60.48,113587
60.5,113387
60.52,113221
60.54,113124
60.56,113023
60.58,112995
60.6,113016
60.62,113014
60.64,113023
60.66,113096
60.68,113129
60.7,113168
60.72,113217
60.74,113205
60.76,113193
60.78,113221
60.8,113209
60.82,113211
60.84,113227
60.86,113203
60.88,113212
60.9,113252
60.92,113253
60.94,113316
60.96,113354
60.98,113324
61,113366
61.02,113380
61.04,113402
61.06,113438
61.08,113450
61.1,113419
61.12,113455
61.14,113464
61.16,113470
61.18,113504
61.2,113496
61.22,113485
61.24,113515
61.26,113545
61.28,113580
61.3,113613
61.32,113615
61.34,113494
61.36,113379
61.38,113193
61.4,113033
61.42,112963
61.44,112855
61.46,112822
61.48,112884
61.5,112880
61.52,112935
61.54,112965
61.56,112992
61.58,113016
61.6,113051
61.62,113070
61.64,113119
61.66,113100
61.68,113059
61.7,113063
61.72,113091
61.74,113075
61.76,113140
61.78,113166
61.8,113146
61.82,113206
61.84,113218
61.86,113253
61.88,113313
61.9,113312
61.92,113292
61.94,113329
61.96,113333
61.98,113363
62,113403
62.02,113363
62.04,113372
62.06,113421
62.08,113402
62.1,113450
62.12,113492
62.14,113457
62.16,113486
62.18,113540
62.2,113543
62.22,113603
62.24,113630
62.26,113616
62.28,113544
62.3,113421
62.32,113203
62.34,113076
62.36,112941
62.38,112841
62.4,112865
62.42,112866
62.44,112894
62.46,112961
62.48,112996
62.5,112999
62.52,113049
62.54,113077
62.56,113112
62.58,113152
62.6,113101
62.62,113108
62.64,113105
62.66,113124
62.68,113127
62.7,113189
62.72,113140
62.74,113199
62.76,113248
62.78,113277
62.8,113319
62.82,113362
62.84,113333
62.86,113364
62.88,113383
62.9,113374
62.92,113436
62.94,113430
62.96,113406
62.98,113452
63,113464
63.02,113460
63.04,113519
63.06,113515
63.08,113504
63.1,113545
63.12,113571
63.14,113601
63.16,113643
63.18,113655
63.2,113657
63.22,113662
63.24,113544
63.26,113396
63.28,113234
63.3,113046
63.32,112960
63.34,112943
63.36,112959
63.38,113007
63.4,113034
63.42,113041
63.44,113087
63.46,113144
63.48,113169
63.5,113214
63.52,113220
63.54,113174
63.56,113190
63.58,113180
63.6,113175
63.62,113210
63.64,113210
63.66,113195
63.68,113225
63.7,113274
63.72,113296
63.74,113360
63.76,113355
63.78,113357
63.8,113397
63.82,113397
63.84,113436
63.86,113473
63.88,113436
63.9,113427
63.92,113460
63.94,113481
63.96,113477
63.98,113538
64,113521
64.02,113528
64.04,113580
64.06,113579
64.08,113628
64.1,113666
64.12,113643
64.14,113664
64.16,113631
64.18,113477
64.2,113361
64.22,113194
64.24,113077
64.26,113019
64.28,113018
64.3,113034
64.32,113112
64.34,113144
64.36,113190
64.38,113246
64.4,113295
64.42,113319
64.44,113336
64.46,113322
64.48,113271
64.5,113283
64.52,113272
64.54,113272
64.56,113324
64.58,113316
64.6,113321
64.62,113374
64.64,113384
64.66,113426
64.68,113478
64.7,113459
64.72,113492
64.74,113513
64.76,113508
64.78,113544
64.8,113579
64.82,113523
64.84,113570
64.86,113580
64.88,113549
64.9,113607
64.92,113652
64.94,113593
64.96,113635
64.98,113644
65,113628
65.02,113602
65.04,113442
65.06,113292
65.08,113188
65.1,113146
65.12,113088
65.14,113145
65.16,113133
65.18,113167
65.2,113251
65.22,113305
65.24,113360
65.26,113418
65.28,113395
65.3,113377
65.32,113418
65.34,113323
65.36,113330
65.38,113350
65.4,113316
65.42,113321
65.44,113389
65.46,113394
65.48,113353
65.5,113463
65.52,113456
65.54,113474
65.56,113501
65.58,113496
65.6,113569
65.62,113533
65.64,113506
65.66,113538
65.68,113647
65.7,113608
65.72,113721
65.74,113727
65.76,113688
65.78,113692
65.8,113679
65.82,113471
65.84,113368
65.86,113200
65.88,113102
65.9,113075
65.92,113059
65.94,113102
65.96,113082
65.98,113184
66,113230
66.02,113294
66.04,113316
66.06,113375
66.08,113382
66.1,113374
66.12,113240
66.14,113268
66.16,113310
66.18,113371
66.2,113360
66.22,113230
66.24,113307
66.26,113357
66.28,113422
66.3,113361
66.32,113435
66.34,113408
66.36,113451
66.38,113454
66.4,113459
66.42,113505
66.44,113450
66.46,113467
66.48,113501
66.5,113507
66.52,113519
66.54,113543
66.56,113478
66.58,113260
66.6,113052
66.62,113043
66.64,113007
66.66,113006
66.68,112884
66.7,112804
66.72,112853
66.74,112946
66.76,113074
66.78,113008
66.8,113019
66.82,113065
66.84,113130
66.86,113105
66.88,113087
66.9,113121
66.92,113054
66.94,113080
66.96,113094
66.98,113088
67,113224
67.02,113276
67.04,113243
67.06,113224
67.08,113285
67.1,113279
67.12,113242
67.14,113266
67.16,113298
67.18,113271
67.2,113346
67.22,113334
67.24,113303
67.26,113282
67.28,113145
67.3,112996
67.32,112879
67.34,112736
67.36,112662
67.38,112660
67.4,112675
67.42,112718
67.44,112763
67.46,112766
67.48,112798
67.5,112872
67.52,112872
67.54,112903
67.56,112902
67.58,112859
67.6,112850
67.62,112864
67.64,112854
67.66,112900
67.68,112908
67.7,112886
67.72,112931
67.74,112968
67.76,112985
67.78,113035
67.8,113037
67.82,113013
67.84,113033
67.86,113038
67.88,113040
67.9,113073
67.92,113081
67.94,113044
67.96,113088
67.98,113105
68,113133
68.02,113159
68.04,113112
68.06,112996
68.08,112852
68.1,112690
68.12,112575
68.14,112510
68.16,112434
68.18,112435
68.2,112473
68.22,112481
68.24,112549
68.26,112590
68.28,112579
68.3,112634
68.32,112655
68.34,112659
68.36,112704
68.38,112659
68.4,112639
68.42,112679
68.44,112665
68.46,112685
68.48,112752
68.5,112720
68.52,112743
68.54,112779
68.56,112814
68.58,112815
68.6,112860
68.62,112849
68.64,112857
68.66,112897
68.68,112887
68.7,112927
68.72,112965
68.74,112940
68.76,112941
68.78,112971
68.8,112958
68.82,113003
68.84,113047
68.86,113014
68.88,113049
68.9,113106
68.92,113087
68.94,113112
68.96,113032
68.98,112801
69,112684
69.02,112533
69.04,112448
69.06,112421
69.08,112409
69.1,112389
69.12,112444
69.14,112451
69.16,112510
69.18,112557
69.2,112568
69.22,112578
69.24,112620
69.26,112628
69.28,112654
69.3,112663
69.32,112627
69.34,112623
69.36,112663
69.38,112678
69.4,112714
69.42,112751
69.44,112744
69.46,112771
69.48,112795
69.5,112832
69.52,112881
69.54,112889
69.56,112844
69.58,112895
69.6,112899
69.62,112924
69.64,112957
69.66,112959
69.68,112946
69.7,112991
69.72,113014
69.74,113046
69.76,113074
69.78,113068
69.8,113068
69.82,113110
69.84,113121
69.86,113159
69.88,113173
69.9,113185
69.92,113210
69.94,113266
69.96,113254
69.98,113253
70,113124
70.02,112910
70.04,112754
70.06,112641
70.08,112538
70.1,112544
70.12,112524
70.14,112532
70.16,112571
70.18,112596
70.2,112630
70.22,112692
70.24,112712
70.26,112676
70.28,112750
70.3,112735
70.32,112753
70.34,112786
70.36,112756
70.38,112762
70.4,112794
70.42,112816
70.44,112835
70.46,112892
70.48,112873
70.5,112896
70.52,112941
70.54,112967
70.56,113005
70.58,113039
70.6,113021
70.62,113023
70.64,113048
70.66,113057
70.68,113108
70.7,113131
70.72,113107
70.74,113147
70.76,113168
70.78,113178
70.8,113221
70.82,113195
70.84,113221
70.86,113255
70.88,113290
70.9,113312
70.92,113351
70.94,113348
70.96,113361
70.98,113394
71,113340
71.02,113230
71.04,113084
71.06,112882
71.08,112770
71.1,112715
71.12,112669
71.14,112709
71.16,112759
71.18,112752
71.2,112779
71.22,112840
71.24,112866
71.26,112912
71.28,112919
71.3,112887
71.32,112900
71.34,112915
71.36,112905
71.38,112943
71.4,112922
71.42,112927
71.44,112964
71.46,113020
71.48,113031
71.5,113083
71.52,113097
71.54,113104
71.56,113154
71.58,113158
71.6,113184
71.62,113218
71.64,113193
71.66,113186
71.68,113229
71.7,113267
71.72,113289
71.74,113308
71.76,113280
71.78,113297
71.8,113352
71.82,113330
71.84,113393
71.86,113397
71.88,113399
71.9,113424
71.92,113462
71.94,113463
71.96,113527
71.98,113528
72,113451
72.02,113335
72.04,113202
72.06,113011
72.08,112952
72.1,112868
72.12,112843
72.14,112871
72.16,112888
72.18,112964
72.2,113029
72.22,113068
72.24,113081
72.26,113140
72.28,113130
72.3,113132
72.32,113145
72.34,113087
72.36,113076
72.38,113094
72.4,113081
72.42,113124
72.44,113183
72.46,113165
72.48,113224
72.5,113246
72.52,113252
72.54,113328
72.56,113330
72.58,113314
72.6,113331
72.62,113343
72.64,113331
72.66,113368
72.68,113340
72.7,113328
72.72,113350
72.74,113362
72.76,113372
72.78,113405
72.8,113398
72.82,113397
72.84,113443
72.86,113448
72.88,113483
72.9,113468
72.92,113308
72.94,113168
72.96,113056
72.98,112953
73,112909
73.02,112885
73.04,112855
73.06,112919
73.08,112985
73.1,113032
73.12,113131
73.14,113151
73.16,113155
73.18,113164
73.2,113173
73.22,113155
73.24,113140
73.26,113119
73.28,113080
73.3,113120
73.32,113124
73.34,113166
73.36,113205
73.38,113219
73.4,113231
73.42,113261
73.44,113291
73.46,113311
73.48,113349
73.5,113287
73.52,113304
73.54,113335
73.56,113314
73.58,113350
73.6,113385
73.62,113360
73.64,113363
73.66,113416
73.68,113405
73.7,113419
73.72,113340
73.74,113178
73.76,113035
73.78,112941
73.8,112859
73.82,112869
73.84,112842
73.86,112851
73.88,112896
73.9,112941
73.92,113013
73.94,113071
73.96,113070
73.98,113092
74,113130
74.02,113064
74.04,113063
74.06,113055
74.08,113010
74.1,113030
74.12,113055
74.14,113074
74.16,113117
74.18,113160
74.2,113135
74.22,113173
74.24,113213
74.26,113213
74.28,113281
74.3,113245
74.32,113246
74.34,113251
74.36,113262
74.38,113281
74.4,113307
74.42,113304
74.44,113312
74.46,113362
74.48,113297
74.5,113222
74.52,113078
74.54,112919
74.56,112793
74.58,112734
74.6,112689
74.62,112724
74.64,112753
74.66,112752
74.68,112809
74.7,112864
74.72,112902
74.74,112949
74.76,112982
74.78,112952
74.8,112948
74.82,112944
74.84,112895
74.86,112954
74.88,112940
74.9,112914
74.92,112953
74.94,112978
74.96,113002
74.98,113069
75,113062
75.02,113069
75.04,113110
75.06,113112
75.08,113120
75.1,113170
75.12,113136
75.14,113130
75.16,113180
75.18,113170
75.2,113203
75.22,113240
75.24,113226
75.26,113219
75.28,113138
75.3,112994
75.32,112848
75.34,112735
75.36,112603
75.38,112576
75.4,112570
75.42,112571
75.44,112620
75.46,112671
75.48,112660
75.5,112713
75.52,112754
75.54,112766
75.56,112810
75.58,112781
75.6,112763
75.62,112766
75.64,112749
75.66,112745
75.68,112806
75.7,112793
75.72,112797
75.74,112849
75.76,112879
75.78,112919
75.8,112966
75.82,112951
75.84,112940
75.86,112978
75.88,112977
75.9,113004
75.92,113045
75.94,113006
75.96,113002
75.98,113028
76,113050
76.02,113109
76.04,113116
76.06,113104
76.08,113070
76.1,112990
76.12,112817
76.14,112685
76.16,112561
76.18,112463
76.2,112446
76.22,112442
76.24,112448
76.26,112512
76.28,112531
76.3,112533
76.32,112596
76.34,112630
76.36,112662
76.38,112710
76.4,112657
76.42,112638
76.44,112684
76.46,112658
76.48,112684
76.5,112716
76.52,112698
76.54,112729
76.56,112782
76.58,112813
76.6,112867
76.62,112891
76.64,112852
76.66,112880
76.68,112914
76.7,112938
76.72,112973
76.74,112987
76.76,112949
76.78,112968
76.8,112991
76.82,113016
76.84,113052
76.86,113040
76.88,113023
76.9,113082
76.92,113099
76.94,113130
76.96,113186
76.98,113153
77,113094
77.02,113009
77.04,112803
77.06,112672
77.08,112562
77.1,112453
77.12,112427
77.14,112462
77.16,112468
77.18,112522
77.2,112564
77.22,112554
77.24,112614
77.26,112664
77.28,112665
77.3,112725
77.32,112706
77.34,112655
77.36,112694
77.38,112688
77.4,112717
77.42,112767
77.44,112755
77.46,112763
77.48,112821
77.5,112854
77.52,112883
77.54,112912
77.56,112902
77.58,112906
77.6,112965
77.62,112972
77.64,112971
77.66,113013
77.68,113009
77.7,113004
77.72,113057
77.74,113031
77.76,113083
77.78,113122
77.8,113085
77.82,113120
77.84,113167
77.86,113170
77.88,113236
77.9,113247
77.92,113240
77.94,113259
77.96,113281
77.98,113210
78,113108
78.02,112896
78.04,112714
78.06,112611
78.08,112567
78.1,112554
78.12,112605
78.14,112610
78.16,112649
78.18,112693
78.2,112710
78.22,112798
78.24,112832
78.26,112801
78.28,112826
78.3,112814
78.32,112797
78.34,112819
78.36,112828
78.38,112805
78.4,112842
78.42,112884
78.44,112914
78.46,112959
78.48,112997
78.5,112983
78.52,113012
78.54,113023
78.56,113051
78.58,113089
78.6,113088
78.62,113062
78.64,113122
78.66,113105
78.68,113131
78.7,113172
78.72,113175
78.74,113174
78.76,113205
78.78,113217
78.8,113218
78.82,113287
78.84,113269
78.86,113286
78.88,113334
78.9,113333
78.92,113381
78.94,113415
78.96,113339
78.98,113263
79,113090
79.02,112916
79.04,112851
79.06,112730
79.08,112670
79.1,112697
79.12,112742
79.14,112787
79.16,112867
79.18,112889
79.2,112930
79.22,112972
79.24,112997
79.26,112977
79.28,113006
79.3,112953
79.32,112902
79.34,112948
79.36,112929
79.38,112950
79.4,113022
79.42,112997
79.44,113010
79.46,113076
79.48,113101
79.5,113122
79.52,113171
79.54,113136
79.56,113144
79.58,113167
79.6,113160
79.62,113194
79.64,113195
79.66,113157
79.68,113200
79.7,113199
79.72,113199
79.74,113277
79.76,113293
79.78,113274
79.8,113300
79.82,113320
79.84,113359
79.86,113401
79.88,113377
79.9,113279
79.92,113151
79.94,113025
79.96,112911
79.98,112834
80,112773
80.02,112748
80.04,112793
80.06,112834
80.08,112887
80.1,112972
80.12,113002
80.14,113026
80.16,113077
80.18,113056
80.2,113057
80.22,113075
80.24,112994
80.26,113001
80.28,113015
80.3,113042
80.32,113084
80.34,113129
80.36,113106
80.38,113134
80.4,113194
80.42,113196
80.44,113280
80.46,113275
80.48,113236
80.5,113276
80.52,113270
80.54,113288
80.56,113312
80.58,113295
80.6,113277
80.62,113303
80.64,113315
80.66,113340
80.68,113386
80.7,113348
80.72,113382
80.74,113361
80.76,113246
80.78,113078
80.8,112954
80.82,112804
80.84,112725
80.86,112722
80.88,112721
80.9,112788
80.92,112826
80.94,112845
80.96,112932
80.98,112995
81,112991
81.02,113048
81.04,113024
81.06,112970
81.08,112981
81.1,112946
81.12,112930
81.14,112987
81.16,112961
81.18,112950
81.2,113013
81.22,113037
81.24,113070
81.26,113116
81.28,113096
81.3,113123
81.32,113148
81.34,113141
81.36,113162
81.38,113175
81.4,113151
81.42,113150
81.44,113184
81.46,113187
81.48,113262
81.5,113261
81.52,113237
81.54,113226
81.56,113147
81.58,112973
81.6,112866
81.62,112710
81.64,112593
81.66,112577
81.68,112562
81.7,112579
81.72,112662
81.74,112675
81.76,112696
81.78,112799
81.8,112834
81.82,112865
81.84,112885
81.86,112820
81.88,112809
81.9,112794
81.92,112786
81.94,112814
81.96,112823
81.98,112822
82,112854
82.02,112903
82.04,112921
82.06,112969
82.08,112975
82.1,112985
82.12,113016
82.14,113034
82.16,112995
82.18,113063
82.2,113035
82.22,113031
82.24,113062
82.26,113067
82.28,113072
82.3,113144
82.32,113101
82.34,113073
82.36,112998
82.38,112815
82.4,112664
82.42,112558
82.44,112414
82.46,112398
82.48,112392
82.5,112384
82.52,112474
82.54,112514
82.56,112527
82.58,112564
82.6,112626
82.62,112650
82.64,112668
82.66,112654
82.68,112605
82.7,112622
82.72,112630
82.74,112610
82.76,112645
82.78,112659
82.8,112658
82.82,112709
82.84,112729
82.86,112764
82.88,112818
82.9,112790
82.92,112791
82.94,112829
82.96,112821
82.98,112865
83,112863
83.02,112852
83.04,112850
83.06,112879
83.08,112890
83.1,112926
83.12,112948
83.14,112940
83.16,112929
83.18,112857
83.2,112707
83.22,112533
83.24,112366
83.26,112228
83.28,112197
83.3,112185
83.32,112179
83.34,112276
83.36,112281
83.38,112290
83.4,112368
83.42,112381
83.44,112404
83.46,112459
83.48,112432
83.5,112414
83.52,112435
83.54,112419
83.56,112421
83.58,112477
83.6,112465
83.62,112488
83.64,112521
83.66,112551
83.68,112610
83.7,112625
83.72,112605
83.74,112639
83.76,112679
83.78,112651
83.8,112703
83.82,112714
83.84,112688
83.86,112709
83.88,112710
83.9,112731
83.92,112793
83.94,112768
83.96,112776
83.98,112813
84,112837
84.02,112868
84.04,112922
84.06,112799
84.08,112639
84.1,112470
84.12,112282
84.14,112170
84.16,112138
84.18,112063
84.2,112100
84.22,112149
84.24,112149
84.26,112216
84.28,112277
84.3,112284
84.32,112323
84.34,112362
84.36,112364
84.38,112407
84.4,112384
84.42,112347
84.44,112366
84.46,112379
84.48,112415
84.5,112469
84.52,112486
84.54,112495
84.56,112531
84.58,112539
84.6,112597
84.62,112618
84.64,112604
84.66,112616
84.68,112671
84.7,112671
84.72,112719
84.74,112754
84.76,112712
84.78,112733
84.8,112777
84.82,112760
84.84,112847
84.86,112849
84.88,112818
84.9,112871
84.92,112895
84.94,112912
84.96,112969
84.98,112993
85,112979
85.02,112998
85.04,112927
85.06,112742
85.08,112584
85.1,112395
85.12,112261
85.14,112242
85.16,112219
85.18,112254
85.2,112292
85.22,112333
85.24,112349
85.26,112409
85.28,112444
85.3,112488
85.32,112533
85.34,112476
85.36,112486
85.38,112478
85.4,112516
85.42,112496
85.44,112531
85.46,112507
85.48,112552
85.5,112599
85.52,112608
85.54,112685
85.56,112671
85.58,112685
85.6,112714
85.62,112757
85.64,112763
85.66,112801
85.68,112821
85.7,112798
85.72,112840
85.74,112845
85.76,112865
85.78,112902
85.8,112898
85.82,112885
85.84,112911
85.86,112932
85.88,112961
85.9,113019
85.92,113003
85.94,113025
85.96,113058
85.98,113065
86,113051
86.02,112926
86.04,112730
86.06,112574
86.08,112449
86.1,112376
86.12,112387
86.14,112405
86.16,112384
86.18,112477
86.2,112510
86.22,112584
86.24,112663
86.26,112675
86.28,112650
86.3,112677
86.32,112652
86.34,112640
86.36,112668
86.38,112627
86.4,112638
86.42,112664
86.44,112698
86.46,112752
86.48,112826
86.5,112789
86.52,112808
86.54,112863
86.56,112866
86.58,112922
86.6,112940
86.62,112893
86.64,112923
86.66,112959
86.68,112943
86.7,112999
86.72,112999
86.74,112967
86.76,113002
86.78,113010
86.8,113025
86.82,113089
86.84,113062
86.86,113061
86.88,113109
86.9,113113
86.92,113122
86.94,113126
86.96,112973
86.98,112793
87,112689
87.02,112579
87.04,112531
87.06,112545
87.08,112500
87.1,112559
87.12,112625
87.14,112662
87.16,112749
87.18,112817
87.2,112803
87.22,112840
87.24,112826
87.26,112788
87.28,112799
87.3,112775
87.32,112731
87.34,112762
87.36,112802
87.38,112823
87.4,112887
87.42,112892
87.44,112890
87.46,112931
87.48,112975
87.5,112998
87.52,113028
87.54,112999
87.56,112993
87.58,113011
87.6,113022
87.62,113033
87.64,113049
87.66,113036
87.68,113044
87.7,113087
87.72,113084
87.74,113130
87.76,113163
87.78,113110
87.8,113037
87.82,112905
87.84,112764
87.86,112689
87.88,112591
87.9,112538
87.92,112544
87.94,112595
87.96,112616
87.98,112700
88,112747
88.02,112772
88.04,112826
88.06,112861
88.08,112836
88.1,112866
88.12,112815
88.14,112764
88.16,112778
88.18,112784
88.2,112804
88.22,112864
88.24,112844
88.26,112850
88.28,112933
88.3,112933
88.32,112955
88.34,113013
88.36,112980
88.38,112992
88.4,113011
88.42,113009
88.44,113044
88.46,113068
88.48,113045
88.5,113082
88.52,113105
88.54,113094
88.56,113149
88.58,113081
88.6,112917
88.62,112788
88.64,112663
88.66,112553
88.68,112533
88.7,112493
88.72,112469
88.74,112532
88.76,112577
88.78,112628
88.8,112720
88.82,112726
88.84,112724
88.86,112756
88.88,112742
88.9,112743
88.92,112751
88.94,112694
88.96,112690
88.98,112726
89,112728
89.02,112768
89.04,112808
89.06,112812
89.08,112826
89.1,112875
89.12,112891
89.14,112917
89.16,112933
89.18,112898
89.2,112913
89.22,112924
89.24,112922
89.26,112969
89.28,112991
89.3,112977
89.32,113010
89.34,113000
89.36,112921
89.38,112858
89.4,112680
89.42,112505
89.44,112397
89.46,112351
89.48,112321
89.5,112332
89.52,112365
89.54,112378
89.56,112424
89.58,112492
89.6,112517
89.62,112583
89.64,112568
89.66,112559
89.68,112574
89.7,112550
89.72,112574
89.74,112580
89.76,112546
89.78,112578
89.8,112629
89.82,112636
89.84,112678
89.86,112719
89.88,112710
89.9,112712
89.92,112770
89.94,112767
89.96,112825
89.98,112800
90,112777
90.02,112826
90.04,112839
90.06,112836
90.08,112918
90.1,112901
90.12,112888
90.14,112926
90.16,112824
90.18,112669
90.2,112550
90.22,112377
90.24,112272
90.26,112239
90.28,112198
90.3,112232
90.32,112290
90.34,112281
90.36,112315
90.38,112393
90.4,112419
90.42,112467
90.44,112478
90.46,112430
90.48,112456
90.5,112462
90.52,112440
90.54,112491
90.56,112495
90.58,112481
90.6,112524
90.62,112572
90.64,112585
90.66,112649
90.68,112652
90.7,112669
90.72,112689
90.74,112709
90.76,112725
90.78,112758
90.8,112737
90.82,112729
90.84,112785
90.86,112789
90.88,112827
90.9,112865
90.92,112849
90.94,112863
90.96,112895
90.98,112842
91,112739
91.02,112602
91.04,112419
91.06,112302
91.08,112238
91.1,112204
91.12,112251
91.14,112296
91.16,112284
91.18,112328
91.2,112395
91.22,112421
91.24,112488
91.26,112497
91.28,112468
91.3,112489
91.32,112504
91.34,112472
91.36,112517
91.38,112516
91.4,112521
91.42,112572
91.44,112605
91.46,112639
91.48,112698
91.5,112673
91.52,112671
91.54,112728
91.56,112730
91.58,112755
91.6,112788
91.62,112757
91.64,112790
91.66,112807
91.68,112815
91.7,112852
91.72,112866
91.74,112849
91.76,112882
91.78,112934
91.8,112938
91.82,112979
91.84,112987
91.86,112995
91.88,112965
91.9,112859
91.92,112682
91.94,112530
91.96,112408
91.98,112301
92,112292
92.02,112296
92.04,112345
92.06,112400
92.08,112407
92.1,112448
92.12,112509
92.14,112519
92.16,112541
92.18,112559
92.2,112522
92.22,112515
92.24,112511
92.26,112504
92.28,112550
92.3,112591
92.32,112582
92.34,112626
92.36,112657
92.38,112676
92.4,112739
92.42,112759
92.44,112742
92.46,112769
92.48,112800
92.5,112796
92.52,112838
92.54,112838
92.56,112816
92.58,112850
92.6,112864
92.62,112876
92.64,112939
92.66,112917
92.68,112900
92.7,112941
92.72,112981
92.74,113003
92.76,113045
92.78,113028
92.8,113001
92.82,112959
92.84,112770
92.86,112616
92.88,112506
92.9,112367
92.92,112317
92.94,112320
92.96,112341
92.98,112415
93,112460
93.02,112486
93.04,112545
93.06,112617
93.08,112611
93.1,112637
93.12,112625
93.14,112561
93.16,112581
93.18,112566
93.2,112593
93.22,112631
93.24,112659
93.26,112642
93.28,112689
93.3,112726
93.32,112743
93.34,112799
93.36,112806
93.38,112780
93.4,112824
93.42,112818
93.44,112830
93.46,112877
93.48,112851
93.5,112830
93.52,112874
93.54,112860
93.56,112895
93.58,112932
93.6,112878
93.62,112929
93.64,112961
93.66,112972
93.68,113000
93.7,113003
93.72,112873
93.74,112749
93.76,112622
93.78,112502
93.8,112440
93.82,112395
93.84,112377
93.86,112409
93.88,112472
93.9,112526
93.92,112634
93.94,112659
93.96,112662
93.98,112694
94,112687
94.02,112650
94.04,112654
94.06,112619
94.08,112596
94.1,112644
94.12,112660
94.14,112696
94.16,112760
94.18,112756
94.2,112765
94.22,112822
94.24,112834
94.26,112833
94.28,112896
94.3,112844
94.32,112823
94.34,112871
94.36,112847
94.38,112893
94.4,112897
94.42,112887
94.44,112925
94.46,112945
94.48,112941
94.5,112986
94.52,112941
94.54,112812
94.56,112680
94.58,112559
94.6,112439
94.62,112401
94.64,112354
94.66,112337
94.68,112420
94.7,112455
94.72,112531
94.74,112612
94.76,112646
94.78,112629
94.8,112669
94.82,112635
94.84,112614
94.86,112623
94.88,112580
94.9,112566
94.92,112619
94.94,112620
94.96,112651
94.98,112694
95,112717
95.02,112731
95.04,112783
95.06,112779
95.08,112842
95.1,112825
95.12,112816
95.14,112810
95.16,112842
95.18,112813
95.2,112853
95.22,112872
95.24,112881
95.26,112901
95.28,112917
95.3,112871
95.32,112783
95.34,112619
95.36,112428
95.38,112333
95.4,112286
95.42,112225
95.44,112266
95.46,112289
95.48,112293
95.5,112371
95.52,112418
95.54,112485
95.56,112543
95.58,112523
95.6,112491
95.62,112503
95.64,112479
95.66,112452
95.68,112489
95.7,112466
95.72,112459
95.74,112509
95.76,112520
95.78,112574
95.8,112627
95.82,112626
95.84,112640
95.86,112671
95.88,112664
95.9,112691
95.92,112715
95.94,112680
95.96,112683
95.98,112721
96,112717
96.02,112786
96.04,112788
96.06,112763
96.08,112726
96.1,112616
96.12,112437
96.14,112297
96.16,112178
96.18,112047
96.2,112044
96.22,112032
96.24,112076
96.26,112138
96.28,112155
96.3,112173
96.32,112260
96.34,112275
96.36,112299
96.38,112325
96.4,112301
96.42,112271
96.44,112292
96.46,112288
96.48,112298
96.5,112347
96.52,112312
96.54,112373
96.56,112419
96.58,112427
96.6,112474
96.62,112500
96.64,112463
96.66,112507
96.68,112517
96.7,112539
96.72,112602
96.74,112600
96.76,112565
96.78,112613
96.8,112631
96.82,112628
96.84,112694
96.86,112706
96.88,112661
96.9,112554
96.92,112391
96.94,112224
96.96,112081
96.98,111984
97,111927
97.02,111924
97.04,111966
97.06,111990
97.08,112046
97.1,112066
97.12,112082
97.14,112168
97.16,112173
97.18,112180
97.2,112242
97.22,112204
97.24,112164
97.26,112230
97.28,112226
97.3,112270
97.32,112291
97.34,112298
97.36,112338
97.38,112384
97.4,112389
97.42,112469
97.44,112471
97.46,112457
97.48,112497
97.5,112513
97.52,112530
97.54,112584
97.56,112591
97.58,112559
97.6,112615
97.62,112628
97.64,112644
97.66,112701
97.68,112695
97.7,112722
97.72,112740
97.74,112673
97.76,112566
97.78,112386
97.8,112195
97.82,112080
97.84,112034
97.86,112005
97.88,112041
97.9,112090
97.92,112104
97.94,112163
97.96,112232
97.98,112268
98,112318
98.02,112343
98.04,112317
98.06,112330
98.08,112348
98.1,112333
98.12,112371
98.14,112379
98.16,112382
98.18,112460
98.2,112456
98.22,112487
98.24,112577
98.26,112568
98.28,112573
98.3,112607
98.32,112624
98.34,112651
98.36,112688
98.38,112679
98.4,112695
98.42,112718
98.44,112723
98.46,112765
98.48,112789
98.5,112768
98.52,112791
98.54,112839
98.56,112829
98.58,112862
98.6,112937
98.62,112908
98.64,112893
98.66,112773
98.68,112600
98.7,112449
98.72,112309
98.74,112172
98.76,112159
98.78,112175
98.8,112191
98.82,112307
98.84,112325
98.86,112320
98.88,112411
98.9,112447
98.92,112449
98.94,112499
98.96,112468
98.98,112449
99,112451
99.02,112464
99.04,112464
99.06,112525
99.08,112513
99.1,112527
99.12,112614
99.14,112613
99.16,112659
99.18,112710
99.2,112678
99.22,112699
99.24,112749
99.26,112748
99.28,112784
99.3,112801
99.32,112782
99.34,112795
99.36,112822
99.38,112820
99.4,112877
99.42,112898
99.44,112851
99.46,112893
99.48,112929
99.5,112937
99.52,113013
99.54,113009
99.56,112911
99.58,112792
99.6,112619
99.62,112444
99.64,112365
99.66,112298
99.68,112270
99.7,112279
99.72,112321
99.74,112381
99.76,112468
99.78,112504
99.8,112545
99.82,112592
99.84,112589
99.86,112584
99.88,112594
99.9,112539
99.92,112522
99.94,112535
99.96,112537
99.98,112587
100,112640
100.02,112613
100.04,112629
100.06,112699
100.08,112696
100.1,112770
100.12,112773
100.14,112748
100.16,112794
100.18,112820
100.2,112810
100.22,112826
100.24,112837
100.26,112812
100.28,112801
100.3,112849
100.32,112863
100.34,112901
100.36,112911
100.38,112897
100.4,112933
100.42,112953
100.44,112906
100.46,112837
100.48,112645
100.5,112466
100.52,112398
100.54,112298
100.56,112293
100.58,112324
100.6,112329
100.62,112383
100.64,112450
100.66,112512
100.68,112589
100.7,112648
100.72,112612
100.74,112617
100.76,112590
100.78,112542
100.8,112576
100.82,112576
100.84,112557
100.86,112566
100.88,112625
100.9,112645
100.92,112698
100.94,112726
100.96,112715
100.98,112745
101,112778
101.02,112769
101.04,112815
101.06,112821
101.08,112792
101.1,112814
101.12,112818
101.14,112816
101.16,112873
101.18,112880
101.2,112845
101.22,112880
101.24,112888
101.26,112852
101.28,112760
101.3,112565
101.32,112396
101.34,112305
101.36,112240
101.38,112236
101.4,112272
101.42,112266
101.44,112305
101.46,112389
101.48,112450
101.5,112528
101.52,112554
101.54,112524
101.56,112526
101.58,112524
101.6,112477
101.62,112473
101.64,112482
101.66,112442
101.68,112467
101.7,112522
101.72,112530
101.74,112609
101.76,112625
101.78,112607
101.8,112656
101.82,112676
101.84,112678
101.86,112712
101.88,112704
101.9,112677
101.92,112720
101.94,112723
101.96,112739
101.98,112785
102,112775
102.02,112747
102.04,112706
102.06,112565
102.08,112411
102.1,112306
102.12,112163
102.14,112082
102.16,112087
102.18,112092
102.2,112145
102.22,112204
102.24,112212
102.26,112270
102.28,112337
102.3,112374
102.32,112363
102.34,112364
102.36,112298
102.38,112291
102.4,112310
102.42,112298
102.44,112347
102.46,112346
102.48,112350
102.5,112397
102.52,112421
102.54,112429
102.56,112497
102.58,112506
102.6,112475
102.62,112498
102.64,112521
102.66,112503
102.68,112545
102.7,112527
102.72,112520
102.74,112551
102.76,112562
102.78,112587
102.8,112586
102.82,112456
102.84,112273
102.86,112122
102.88,112000
102.9,111933
102.92,111898
102.94,111841
102.96,111871
102.98,111930
103,111957
103.02,112033
103.04,112104
103.06,112078
103.08,112136
103.1,112121
103.12,112102
103.14,112130
103.16,112110
103.18,112075
103.2,112088
103.22,112124
103.24,112139
103.26,112194
103.28,112210
103.3,112207
103.32,112258
103.34,112261
103.36,112276
103.38,112328
103.4,112314
103.42,112289
103.44,112326
103.46,112326
103.48,112319
103.5,112365
103.52,112335
103.54,112362
103.56,112391
103.58,112403
103.6,112417
103.62,112379
103.64,112191
103.66,112015
103.68,111890
103.7,111765
103.72,111707
103.74,111688
103.76,111669
103.78,111723
103.8,111785
103.82,111797
103.84,111891
103.86,111926
103.88,111936
103.9,111933
103.92,111938
103.94,111933
103.96,111972
103.98,111967
104,111961
104.02,111976
104.04,112001
104.06,112039
104.08,112099
104.1,112098
104.12,112113
104.14,112146
104.16,112141
104.18,112185
104.2,112244
104.22,112226
104.24,112242
104.26,112267
104.28,112272
104.3,112278
104.32,112332
104.34,112327
104.36,112339
104.38,112357
104.4,112363
104.42,112424
104.44,112458
104.46,112448
104.48,112478
104.5,112500
104.52,112413
104.54,112257
104.56,112074
104.58,111882
104.6,111774
104.62,111728
104.64,111717
104.66,111746
104.68,111787
104.7,111799
104.72,111864
104.74,111893
104.76,111919
104.78,112010
104.8,112008
104.82,111981
104.84,112015
104.86,112009
104.88,112012
104.9,112052
104.92,112059
104.94,112052
104.96,112088
104.98,112120
105,112132
105.02,112213
105.04,112203
105.06,112212
105.08,112254
105.1,112270
105.12,112284
105.14,112357
105.16,112308
105.18,112312
105.2,112355
105.22,112356
105.24,112408
105.26,112441
105.28,112417
105.3,112432
105.32,112467
105.34,112481
105.36,112516
105.38,112552
105.4,112572
105.42,112595
105.44,112637
105.46,112604
105.48,112611
105.5,112476
105.52,112235
105.54,112056
105.56,111946
105.58,111865
105.6,111879
105.62,111852
105.64,111852
105.66,111916
105.68,111959
105.7,112040
105.72,112079
105.74,112099
105.76,112108
105.78,112148
105.8,112126
105.82,112120
105.84,112152
105.86,112120
105.88,112136
105.9,112161
105.92,112197
105.94,112231
105.96,112280
105.98,112273
106,112311
106.02,112346
106.04,112344
106.06,112384
106.08,112420
106.1,112397
106.12,112414
106.14,112442
106.16,112448
106.18,112489
106.2,112497
106.22,112493
106.24,112517
106.26,112526
106.28,112556
106.3,112600
106.32,112591
106.34,112590
106.36,112644
106.38,112659
106.4,112697
106.42,112738
106.44,112705
106.46,112660
106.48,112524
106.5,112348
106.52,112193
106.54,112088
106.56,111992
106.58,111947
106.6,112009
106.62,112034
106.64,112105
106.66,112177
106.68,112201
106.7,112226
106.72,112286
106.74,112294
106.76,112303
106.78,112314
106.8,112253
106.82,112233
106.84,112245
106.86,112259
106.88,112321
106.9,112337
106.92,112327
106.94,112386
106.96,112415
106.98,112408
107,112468
107.02,112499
107.04,112464
107.06,112483
107.08,112511
107.1,112495
107.12,112556
107.14,112540
107.16,112538
107.18,112583
107.2,112579
107.22,112591
107.24,112634
107.26,112633
107.28,112622
107.3,112672
107.32,112677
107.34,112715
107.36,112745
107.38,112712
107.4,112680
107.42,112597
107.44,112401
107.46,112271
107.48,112166
107.5,112071
107.52,112052
107.54,112103
107.56,112112
107.58,112216
107.6,112275
107.62,112298
107.64,112376
107.66,112405
107.68,112419
107.7,112440
107.72,112425
107.74,112367
107.76,112376
107.78,112413
107.8,112397
107.82,112458
107.84,112474
107.86,112465
107.88,112532
107.9,112551
107.92,112576
107.94,112620
107.96,112619
107.98,112585
108,112612
108.02,112625
108.04,112619
108.06,112659
108.08,112622
108.1,112620
108.12,112658
108.14,112683
108.16,112714
108.18,112743
108.2,112721
108.22,112754
108.24,112788
108.26,112704
108.28,112611
108.3,112457
108.32,112289
108.34,112175
108.36,112133
108.38,112070
108.4,112143
108.42,112132
108.44,112183
108.46,112264
108.48,112332
108.5,112384
108.52,112449
108.54,112440
108.56,112409
108.58,112409
108.6,112391
108.62,112371
108.64,112402
108.66,112370
108.68,112384
108.7,112418
108.72,112436
108.74,112503
108.76,112523
108.78,112519
108.8,112537
108.82,112572
108.84,112583
108.86,112596
108.88,112634
108.9,112578
108.92,112596
108.94,112630
108.96,112612
108.98,112675
109,112683
109.02,112665
109.04,112686
109.06,112703
109.08,112572
109.1,112447
109.12,112267
109.14,112084
109.16,112015
109.18,111983
109.2,111972
109.22,112038
109.24,112059
109.26,112062
109.28,112145
109.3,112229
109.32,112241
109.34,112293
109.36,112271
109.38,112250
109.4,112250
109.42,112236
109.44,112229
109.46,112250
109.48,112227
109.5,112232
109.52,112287
109.54,112297
109.56,112339
109.58,112393
109.6,112379
109.62,112378
109.64,112410
109.66,112426
109.68,112437
109.7,112473
109.72,112438
109.74,112460
109.76,112483
109.78,112489
109.8,112525
109.82,112550
109.84,112518
109.86,112507
109.88,112392
109.9,112211
109.92,112060
109.94,111919
109.96,111796
109.98,111794
110,111786
110.02,111814
110.04,111880
110.06,111927
110.08,111941
110.1,112020
110.12,112065
110.14,112078
110.16,112115
110.18,112093
110.2,112064
110.22,112080
110.24,112075
110.26,112068
110.28,112114
110.3,112112
110.32,112118
110.34,112172
110.36,112201
110.38,112192
110.4,112241
110.42,112235
110.44,112242
110.46,112277
110.48,112254
110.5,112306
110.52,112330
110.54,112304
110.56,112309
110.58,112357
110.6,112362
110.62,112405
110.64,112429
110.66,112411
110.68,112360
110.7,112257
110.72,112069
110.74,111910
110.76,111772
110.78,111657
110.8,111626
110.82,111636
110.84,111668
110.86,111743
110.88,111771
110.9,111795
110.92,111858
110.94,111901
110.96,111928
110.98,111975
111,111949
111.02,111926
111.04,111948
111.06,111938
111.08,112035
111.1,111986
111.12,111976
111.14,111994
111.16,112045
111.18,112060
111.2,112107
111.22,112157
111.24,112106
111.26,112130
111.28,112172
111.3,112168
111.32,112201
111.34,112223
111.36,112173
111.38,112196
111.4,112244
111.42,112257
111.44,112276
111.46,112311
111.48,112274
111.5,112331
111.52,112331
111.54,112266
111.56,112241
111.58,111962
111.6,111739
111.62,111647
111.64,111594
111.66,111567
111.68,111599
111.7,111624
111.72,111553
111.74,111697
111.76,111744
111.78,111790
111.8,111845
111.82,111853
111.84,111863
111.86,111874
111.88,111844
111.9,111841
111.92,111935
111.94,111958
111.96,111876
111.98,111923
112,111941
112.02,111983
112.04,112156
112.06,112023
112.08,112017
112.1,112068
112.12,112072
112.14,112093
112.16,112145
112.18,112113
112.2,112061
112.22,112156
112.24,112150
112.26,112178
112.28,112218
112.3,112229
112.32,112291
112.34,112331
112.36,112232
112.38,112333
112.4,112386
112.42,112418
112.44,112302
112.46,112175
112.48,111903
112.5,111852
112.52,111772
112.54,111572
112.56,111455
112.58,111449
112.6,111579
112.62,111680
112.64,111689
112.66,111714
112.68,111742
112.7,111838
112.72,111854
112.74,111903
112.76,111892
112.78,111915
112.8,111923
112.82,112004
112.84,111863
112.86,111946
112.88,111991
112.9,112023
112.92,112023
112.94,111943
112.96,111909
112.98,112064
113,112154
113.02,112149
113.04,112059
113.06,112140
113.08,112168
113.1,112181
113.12,112231
113.14,112224
113.16,112241
113.18,112299
113.2,112256
113.22,112294
113.24,112337
113.26,112353
113.28,112374
113.3,112413
113.32,112390
113.34,112353
113.36,112240
113.38,112078
113.4,111917
113.42,111720
113.44,111638
113.46,111660
113.48,111672
113.5,111667
113.52,111705
113.54,111808
113.56,111861
113.58,111933
113.6,111968
113.62,111989
113.64,112020
113.66,112015
113.68,111966
113.7,111978
113.72,112000
113.74,112005
113.76,112049
113.78,112082
113.8,112070
113.82,112136
113.84,112146
113.86,112175
113.88,112207
113.9,112130
113.92,112145
113.94,112265
113.96,112253
113.98,112230
114,112246
114.02,112268
114.04,112326
114.06,112366
114.08,112344
114.1,112397
114.12,112391
114.14,112392
114.16,112443
114.18,112450
114.2,112486
114.22,112531
114.24,112568
114.26,112533
114.28,112449
114.3,112353
114.32,112174
114.34,112059
114.36,111933
114.38,111758
114.4,111797
114.42,111894
114.44,111922
114.46,111935
114.48,112000
114.5,112084
114.52,112159
114.54,112189
114.56,112183
114.58,112218
114.6,112187
114.62,112148
114.64,112165
114.66,112184
114.68,112198
114.7,112238
114.72,112268
114.74,112275
114.76,112319
114.78,112367
114.8,112382
114.82,112409
114.84,112378
114.86,112348
114.88,112423
114.9,112483
114.92,112467
114.94,112436
114.96,112428
114.98,112477
115,112521
115.02,112556
115.04,112583
115.06,112599
115.08,112591
115.1,112628
115.12,112657
115.14,112678
115.16,112695
115.18,112609
115.2,112413
115.22,112273
115.24,112157
115.26,112083
115.28,112083
115.3,112034
115.32,112027
115.34,112053
115.36,112149
115.38,112236
115.4,112311
115.42,112304
115.44,112291
115.46,112378
115.48,112362
115.5,112353
115.52,112357
115.54,112334
115.56,112315
115.58,112339
115.6,112356
115.62,112404
115.64,112454
115.66,112469
115.68,112460
115.7,112553
115.72,112542
115.74,112596
115.76,112585
115.78,112594
115.8,112510
115.82,112590
115.84,112617
115.86,112697
115.88,112678
115.9,112599
115.92,112672
115.94,112731
115.96,112771
115.98,112805
116,112793
116.02,112695
116.04,112575
116.06,112423
116.08,112313
116.1,112244
116.12,112216
116.14,112149
116.16,112192
116.18,112256
116.2,112318
116.22,112405
116.24,112421
116.26,112448
116.28,112417
116.3,112423
116.32,112450
116.34,112503
116.36,112367
116.38,112375
116.4,112421
116.42,112489
116.44,112510
116.46,112568
116.48,112573
116.5,112570
116.52,112613
116.54,112625
116.56,112666
116.58,112720
116.6,112698
116.62,112682
116.64,112722
116.66,112738
116.68,112783
116.7,112775
116.72,112733
116.74,112765
116.76,112742
116.78,112767
116.8,112861
116.82,112824
116.84,112576
116.86,112471
116.88,112409
116.9,112318
116.92,112306
116.94,112267
116.96,112265
116.98,112318
117,112358
117.02,112409
117.04,112482
117.06,112516
117.08,112513
117.1,112505
117.12,112497
117.14,112474
117.16,112514
117.18,112440
117.2,112403
117.22,112431
117.24,112398
117.26,112457
117.28,112574
117.3,112565
117.32,112534
117.34,112582
117.36,112633
117.38,112669
117.4,112689
117.42,112675
117.44,112694
117.46,112706
117.48,112695
117.5,112730
117.52,112776
117.54,112790
117.56,112747
117.58,112786
117.6,112699
117.62,112604
117.64,112494
117.66,112272
117.68,112220
117.7,112118
117.72,112123
117.74,112216
117.76,112287
117.78,112294
117.8,112301
117.82,112390
117.84,112454
117.86,112497
117.88,112471
117.9,112431
117.92,112415
117.94,112378
117.96,112376
117.98,112424
118,112408
118.02,112471
118.04,112466
118.06,112467
118.08,112498
118.1,112550
118.12,112567
118.14,112520
118.16,112574
118.18,112502
118.2,112532
118.22,112636
118.24,112637
118.26,112626
118.28,112589
118.3,112626
118.32,112700
118.34,112726
118.36,112594
118.38,112429
118.4,112337
118.42,112222
118.44,112175
118.46,112144
118.48,112098
118.5,112199
118.52,112210
118.54,112246
118.56,112328
118.58,112408
118.6,112397
118.62,112395
118.64,112392
118.66,112234
118.68,112295
118.7,112328
118.72,112334
118.74,112347
118.76,112300
118.78,112370
118.8,112471
118.82,112493
118.84,112490
118.86,112529
118.88,112630
118.9,112596
118.92,112653
118.94,112640
118.96,112703
118.98,112723
119,112659
119.02,112689
119.04,112746
119.06,112755
119.08,112725
119.1,112668
119.12,112539
119.14,112359
119.16,112278
119.18,112214
119.2,112186
119.22,112217
119.24,112178
119.26,112264
119.28,112374
119.3,112417
119.32,112448
119.34,112552
119.36,112572
119.38,112511
119.4,112501
119.42,112448
119.44,112514
119.46,112504
119.48,112441
119.5,112493
119.52,112534
119.54,112542
119.56,112572
119.58,112601
119.6,112617
119.62,112577
119.64,112629
119.66,112672
119.68,112715
119.7,112718
119.72,112661
119.74,112758
119.76,112780
119.78,112763
119.8,112801
119.82,112790
119.84,112758
119.86,112590
119.88,112416
119.9,112269
119.92,112297
119.94,112222
119.96,112185
119.98,112237
120,112227
