Time,Value
0,106683
0.06,106735
0.104,106733
0.122,106813
0.142,106864
0.163,106781
0.183,106831
0.203,106888
0.224,106855
0.243,106941
0.263,106954
0.283,106859
0.303,106938
0.323,106960
0.344,106927
0.364,107013
0.385,107048
0.403,106959
0.424,106932
0.444,106848
0.462,106708
0.482,106708
0.502,106636
0.523,106522
0.544,106568
0.562,106601
0.582,106608
0.603,106704
0.623,106694
0.643,106610
0.663,106699
0.683,106712
0.705,106709
0.723,106784
0.743,106741
0.763,106650
0.784,106685
0.804,106687
0.822,106699
0.842,106816
0.864,106763
0.882,106703
0.902,106785
0.922,106792
0.942,106828
0.963,106924
0.983,106879
1.003,106798
1.024,106891
1.043,106905
1.063,106912
1.083,107014
1.103,106966
1.123,106887
1.143,107007
1.162,106985
1.183,107009
1.203,107100
1.223,107041
1.242,107006
1.262,107072
1.282,107012
1.302,106889
1.323,106847
1.344,106673
1.362,106579
1.382,106634
1.403,106593
1.423,106628
1.443,106693
1.463,106605
1.483,106590
1.503,106664
1.523,106634
1.543,106708
1.563,106767
1.582,106663
1.602,106646
1.622,106704
1.642,106683
1.663,106744
1.682,106802
1.702,106699
1.722,106701
1.742,106782
1.762,106742
1.783,106833
1.803,106900
1.824,106794
1.843,106819
1.863,106880
1.883,106848
1.903,106934
1.921,106959
1.942,106875
1.962,106883
1.983,106957
2.001,106934
2.022,107042
2.042,107060
2.062,106967
2.082,106971
2.102,106939
2.122,106793
2.144,106791
2.162,106717
2.182,106600
2.203,106609
2.223,106647
2.243,106627
2.263,106731
2.283,106735
2.305,106652
2.323,106754
2.343,106773
2.363,106763
2.383,106865
2.402,106829
2.422,106753
2.442,106817
2.463,106829
2.482,106799
2.502,106935
2.522,106917
2.542,106834
2.562,106928
2.583,106958
2.603,106955
2.624,107053
2.643,107041
2.663,106960
2.683,107038
2.703,107053
2.723,107072
2.743,107164
2.764,107158
2.785,107077
2.803,107153
2.823,107180
2.844,107183
2.864,107299
2.882,107241
2.902,107123
2.922,107107
2.944,106982
2.962,106903
2.982,106924
3.002,106850
3.023,106770
3.043,106833
3.063,106824
3.083,106865
3.104,106943
3.123,106848
3.143,106840
3.163,106908
3.183,106905
3.204,106944
3.224,106999
3.244,106876
3.265,106883
3.284,106957
3.304,106919
3.324,106973
3.344,107060
3.362,106988
3.383,106986
3.403,107075
3.424,107036
3.442,107086
3.463,107161
3.483,107073
3.503,107073
3.523,107163
3.543,107132
3.563,107212
3.585,107263
3.603,107162
3.623,107166
3.643,107234
3.664,107213
3.684,107269
3.704,107361
3.724,107259
3.745,107243
3.764,107224
3.784,107093
3.804,107048
3.824,107011
3.845,106856
3.863,106855
3.883,106874
3.904,106843
3.925,106907
3.943,106941
3.963,106810
3.983,106829
4.003,106873
4.024,106826
4.044,106907
4.065,106930
4.083,106837
4.104,106848
4.124,106893
4.144,106849
4.164,106944
4.184,106968
4.205,106885
4.226,106918
4.244,106985
4.264,106955
4.285,107068
4.305,107075
4.323,106980
4.343,107025
4.363,107084
4.385,107067
4.405,107170
4.423,107187
4.443,107161
4.464,107437
4.484,107697
4.504,107971
4.524,108329
4.545,108409
4.564,108475
4.584,108864
4.604,109740
4.624,110800
4.644,111621
4.665,112064
4.685,112931
4.706,114454
4.725,115895
4.745,116972
4.765,117961
4.785,118573
4.805,118998
4.824,119486
4.844,119965
4.865,120383
4.885,120822
4.904,120988
4.924,121169
4.944,121594
4.964,121822
4.984,122014
5.004,122371
5.026,122557
5.044,122641
5.064,122922
5.084,123025
5.105,123119
5.125,123238
5.145,123074
5.165,122852
5.186,122875
5.205,122746
5.225,122630
5.245,122692
5.265,122431
5.286,122192
5.304,122160
5.324,121947
5.345,121789
5.366,121809
5.386,121607
5.404,121743
5.424,121445
5.444,120487
5.465,120179
5.485,120587
5.506,120786
5.525,120868
5.545,121028
5.565,120973
5.585,120987
5.605,121047
5.625,120871
5.646,120750
5.667,120757
5.685,120627
5.705,120624
5.726,120624
5.746,120371
5.766,120255
5.786,120244
5.804,120052
5.826,119994
5.846,119984
5.866,119751
5.884,119616
5.905,119630
5.925,119397
5.945,119315
5.965,119216
5.986,118879
6.005,118668
6.025,118525
6.045,118207
6.065,118024
6.086,117790
6.106,117378
6.126,117115
6.147,116883
6.166,116524
6.186,116294
6.206,116022
6.226,115557
6.246,115271
6.266,115036
6.285,114681
6.306,114476
6.326,114165
6.346,113636
6.365,113195
6.385,112754
6.405,112252
6.425,111879
6.446,111403
6.467,110766
6.485,110343
6.505,109945
6.526,109520
6.546,109257
6.566,108905
6.586,108540
6.606,108361
6.628,108180
6.646,107997
6.666,107939
6.686,107780
6.706,107598
6.727,107571
6.747,107499
6.767,107427
6.786,107512
6.807,107419
6.827,107297
6.847,107346
6.865,107315
6.885,107288
6.906,107382
6.926,107309
6.947,107223
6.965,107270
6.986,107257
7.006,107261
7.026,107317
7.046,107237
7.066,107187
7.087,107261
7.108,107215
7.126,107238
7.146,107327
7.167,107230
7.187,107186
7.207,107195
7.227,107022
7.247,106885
7.267,106807
7.287,106590
7.307,106484
7.327,106508
7.347,106456
7.366,106441
7.386,106517
7.406,106417
7.427,106378
7.446,106446
7.466,106423
7.486,106458
7.506,106509
7.527,106386
7.547,106344
7.567,106372
7.588,106353
7.607,106406
7.627,106469
7.647,106370
7.667,106341
7.687,106434
7.707,106417
7.728,106447
7.747,106555
7.767,106471
7.787,106442
7.808,106531
7.828,106525
7.846,106560
7.866,106657
7.886,106568
7.908,106548
7.926,106606
7.946,106615
7.967,106683
7.987,106766
8.007,106615
8.027,106550
8.047,106480
8.069,106347
8.087,106315
8.107,106316
8.127,106201
8.147,106186
8.168,106268
8.188,106262
8.208,106333
8.227,106388
8.248,106310
8.268,106340
8.288,106405
8.306,106372
8.326,106442
8.347,106486
8.367,106359
8.388,106376
8.407,106462
8.427,106438
8.447,106533
8.467,106589
8.487,106525
8.507,106553
8.528,106614
8.549,106605
8.567,106717
8.587,106756
8.608,106660
8.628,106728
8.648,106762
8.668,106757
8.688,106861
8.708,106861
8.728,106772
8.748,106843
8.768,106883
8.788,106868
8.807,106906
8.827,106775
8.847,106594
8.868,106561
8.887,106522
8.907,106469
8.927,106571
8.947,106540
8.968,106461
8.988,106522
9.008,106531
9.029,106533
9.048,106629
9.068,106607
9.088,106524
9.108,106590
9.128,106572
9.148,106575
9.169,106659
9.19,106620
9.208,106541
9.228,106647
9.249,106648
9.269,106674
9.287,106766
9.307,106709
9.328,106655
9.349,106734
9.367,106731
9.387,106756
9.408,106857
9.428,106780
9.448,106733
9.468,106800
9.488,106816
9.51,106832
9.528,106928
9.548,106854
9.568,106853
9.588,106924
9.609,106826
9.629,106760
9.649,106740
9.67,106579
9.689,106515
9.709,106534
9.729,106509
9.749,106548
9.768,106584
9.788,106481
9.808,106455
9.829,106513
9.848,106446
9.868,106509
9.888,106564
9.908,106466
9.928,106437
9.948,106488
9.969,106441
9.99,106517
10.008,106541
10.028,106452
10.049,106491
10.069,106560
10.089,106540
10.109,106615
10.129,106662
10.151,106562
10.169,106654
10.189,106661
10.209,106620
10.229,106724
10.25,106723
10.268,106658
10.288,106663
10.31,106725
10.33,106662
10.348,106772
10.368,106787
10.388,106723
10.409,106712
10.429,106667
10.449,106530
10.47,106533
10.489,106520
10.509,106350
10.529,106385
10.549,106417
10.569,106382
10.589,106483
10.61,106483
10.631,106398
10.649,106311
10.669,106485
10.69,106453
10.71,106538
10.73,106528
10.748,106431
10.769,106465
10.79,106501
10.81,106495
10.83,106608
10.849,106715
10.869,106520
10.889,106606
10.909,106627
10.929,106647
10.951,106760
10.969,106731
10.989,106671
11.009,106744
11.029,106762
11.05,106759
11.07,106853
11.09,106850
11.111,106787
11.13,106810
11.15,106863
11.17,106884
11.19,107040
11.21,107045
11.23,106905
11.249,106756
11.27,106653
11.29,106659
11.31,106696
11.329,106505
11.349,106459
11.369,106544
11.389,106549
11.41,106534
11.431,106643
11.449,106500
11.469,106532
11.49,106585
11.51,106571
11.53,106597
11.55,106697
11.57,106680
11.592,106653
11.638,106634
11.658,106735
11.678,106660
11.698,106632
11.719,106746
11.739,106732
11.759,106762
11.78,106856
11.799,106774
11.819,106753
11.839,106853
11.859,106824
11.879,106886
11.898,106948
11.918,106897
11.939,106858
11.959,106947
11.978,106941
11.998,106949
12.018,106940
12.038,106728
12.058,106609
12.079,106602
12.1,106528
12.118,106565
12.138,106599
12.159,106503
12.179,106478
12.199,106528
12.219,106501
12.239,106571
12.259,106607
12.279,106521
12.299,106495
12.319,106550
12.338,106490
12.358,106556
12.378,106610
12.398,106519
12.42,106541
12.438,106608
12.458,106583
12.478,106621
12.498,106681
12.519,106588
12.539,106586
12.559,106676
12.58,106622
12.599,106680
12.619,106717
12.639,106626
12.659,106656
12.678,106694
12.698,106655
12.718,106723
12.739,106751
12.758,106648
12.778,106703
12.798,106746
12.818,106724
12.838,106818
12.858,106783
12.879,106581
12.9,106509
12.918,106426
12.938,106329
12.959,106366
12.979,106357
12.999,106251
13.019,106292
13.038,106303
13.059,106257
13.079,106360
13.099,106368
13.118,106254
13.138,106298
13.158,106333
13.178,106293
13.198,106393
13.22,106362
13.238,106244
13.258,106317
13.278,106343
13.298,106305
13.319,106458
13.339,106409
13.359,106342
13.38,106424
13.399,106445
13.419,106434
13.439,106546
13.457,106518
13.478,106429
13.498,106514
13.518,106521
13.539,106560
13.558,106669
13.578,106638
13.598,106576
13.618,106646
13.638,106657
13.658,106656
13.679,106735
13.7,106619
13.718,106429
13.738,106418
13.759,106339
13.779,106304
13.799,106373
13.817,106324
13.837,106264
13.859,106334
13.879,106332
13.897,106347
13.917,106456
13.938,106387
13.958,106345
13.978,106416
13.998,106391
14.019,106386
14.038,106470
14.058,106409
14.078,106364
14.098,106467
14.119,106466
14.139,106513
14.159,106609
14.178,106547
14.199,106513
14.219,106607
14.237,106602
14.257,106643
14.277,106709
14.298,106655
14.318,106632
14.339,106716
14.357,106692
14.378,106744
14.398,106837
14.418,106729
14.438,106727
14.458,106820
14.479,106794
14.5,106843
14.518,106867
14.538,106651
14.559,106540
14.579,106487
14.597,106407
14.617,106413
14.637,106453
14.659,106339
14.677,106334
14.697,106418
14.717,106363
14.738,106417
14.758,106480
14.778,106384
14.798,106393
14.819,106456
14.838,106416
14.858,106454
14.878,106464
14.898,106374
14.918,106396
14.939,106484
14.957,106445
14.978,106522
14.999,106562
15.017,106476
15.037,106532
15.057,106573
15.077,106548
15.098,106644
15.118,106658
15.139,106566
15.157,106621
15.178,106648
15.198,106618
15.218,106724
15.238,106724
15.258,106647
15.278,106694
15.298,106699
15.318,106684
15.338,106815
15.358,106797
15.377,106661
15.397,106613
15.417,106513
15.437,106389
15.459,106366
15.477,106315
15.497,106191
15.517,106240
15.538,106249
15.558,106224
15.578,106312
15.598,106239
15.619,106189
15.638,106231
15.658,106233
15.678,106231
15.698,106301
15.718,106254
15.737,106182
15.757,106234
15.778,106220
15.798,106231
15.817,106327
15.837,106291
15.857,106237
15.877,106315
15.898,106326
15.918,106328
15.939,106435
15.957,106396
15.978,106330
15.998,106413
16.018,106398
16.038,106405
16.058,106493
16.078,106458
16.098,106402
16.118,106470
16.138,106476
16.157,106510
16.177,106615
16.197,106563
16.217,106508
16.237,106521
16.259,106377
16.277,106296
16.297,106318
16.317,106190
16.338,106108
16.358,106185
16.378,106161
16.398,106207
16.419,106297
16.438,106214
16.458,106207
16.478,106290
16.498,106271
16.517,106328
16.537,106370
16.557,106280
16.578,106266
16.597,106325
16.617,106303
16.637,106345
16.657,106417
16.677,106334
16.697,106333
16.718,106421
16.739,106380
16.757,106464
16.777,106546
16.798,106482
16.818,106505
16.838,106607
16.858,106578
16.877,106654
16.898,106671
16.918,106569
16.938,106572
16.957,106650
16.977,106624
16.997,106712
17.017,106780
17.037,106637
17.059,106588
17.077,106512
17.097,106390
17.117,106380
17.137,106395
17.158,106282
17.178,106277
17.198,106349
17.219,106323
17.238,106359
17.258,106361
17.278,106281
17.298,106290
17.317,106348
17.337,106307
17.357,106382
17.378,106368
17.397,106262
17.417,106312
17.437,106342
17.457,106322
17.477,106412
17.497,106449
17.518,106373
17.539,106431
17.557,106467
17.577,106456
17.598,106515
17.618,106531
17.638,106441
17.656,106475
17.676,106508
17.698,106502
17.718,106584
17.736,106602
17.757,106520
17.777,106562
17.797,106631
17.817,106602
17.837,106686
17.859,106694
17.877,106634
17.897,106666
17.917,106646
17.937,106502
17.958,106491
17.978,106389
17.998,106228
18.017,106244
18.038,106240
18.058,106218
18.078,106310
18.096,106289
18.116,106187
18.137,106255
18.157,106267
18.178,106238
18.197,106320
18.217,106302
18.237,106202
18.257,106251
18.277,106239
18.297,106216
18.318,106303
18.339,106297
18.357,106212
18.377,106271
18.398,106304
18.418,106287
18.438,106426
18.456,106356
18.476,106297
18.498,106372
18.518,106361
18.536,106381
18.556,106482
18.577,106461
18.597,106413
18.617,106476
18.637,106476
18.658,106471
18.677,106566
18.697,106522
18.717,106450
18.737,106550
18.758,106573
18.778,106562
18.796,106600
18.817,106451
18.838,106275
18.858,106243
18.876,106171
18.896,106143
18.916,106216
18.937,106176
18.957,106124
18.978,106193
18.996,106194
19.017,106202
19.037,106311
19.057,106250
19.077,106202
19.097,106277
19.118,106245
19.139,106265
19.157,106333
19.177,106226
19.198,106237
19.218,106306
19.236,106310
19.256,106368
19.276,106447
19.298,106388
19.316,106360
19.336,106443
19.356,106411
19.377,106473
19.397,106568
19.417,106496
19.437,106478
19.458,106547
19.477,106532
19.497,106574
19.517,106656
19.537,106568
19.558,106555
19.578,106646
19.596,106655
19.617,106694
19.638,106729
19.658,106509
19.676,106400
19.696,106348
19.716,106230
19.737,106236
19.757,106271
19.778,106182
19.796,106185
19.817,106287
19.837,106246
19.857,106284
19.877,106370
19.897,106270
19.917,106289
19.939,106349
19.957,106305
19.977,106355
19.997,106390
20.018,106314
20.036,106310
20.056,106384
20.076,106366
20.098,106447
20.116,106519
20.136,106439
20.156,106464
20.177,106529
20.197,106497
20.217,106549
20.237,106635
20.258,106517
20.277,106543
20.297,106611
20.317,106572
20.337,106625
20.357,106705
20.378,106611
20.396,106629
20.417,106680
20.437,106665
20.456,106718
20.476,106758
20.496,106644
20.516,106598
20.537,106529
20.557,106373
20.578,106348
20.596,106312
20.617,106197
20.637,106197
20.657,106256
20.677,106223
20.697,106293
20.717,106337
20.737,106249
20.757,106268
20.777,106330
20.797,106286
20.816,106352
20.836,106346
20.856,106228
20.876,106233
20.898,106287
20.916,106272
20.936,106325
20.956,106348
20.977,106246
20.997,106297
21.017,106368
21.037,106349
21.058,106431
21.077,106450
21.097,106357
21.117,106365
21.137,106442
21.157,106402
21.176,106498
21.196,106510
21.217,106416
21.237,106427
21.256,106504
21.276,106463
21.296,106583
21.316,106606
21.337,106509
21.357,106545
21.378,106558
21.396,106426
21.417,106400
21.437,106299
21.457,106131
21.477,106078
21.497,106116
21.517,106086
21.537,106167
21.557,106180
21.577,106089
21.596,106127
21.616,106166
21.636,106136
21.656,106245
21.676,106237
21.698,106161
21.716,106182
21.736,106223
21.756,106180
21.776,106293
21.797,106288
21.817,106218
21.837,106281
21.858,106314
21.877,106321
21.897,106430
21.917,106427
21.937,106324
21.956,106418
21.976,106432
21.996,106419
22.017,106549
22.036,106495
22.056,106443
22.076,106527
22.096,106539
22.116,106537
22.136,106651
22.157,106637
22.178,106562
22.196,106622
22.216,106520
22.237,106403
22.257,106364
22.277,106248
22.297,106134
22.316,106170
22.337,106179
22.357,106194
22.377,106308
22.396,106259
22.416,106196
22.436,106271
22.456,106278
22.476,106269
22.498,106368
22.516,106312
22.536,106211
22.556,106275
22.576,106264
22.597,106284
22.617,106364
22.637,106322
22.658,106277
22.677,106376
22.697,106372
22.717,106400
22.737,106508
22.756,106438
22.776,106381
22.796,106471
22.817,106481
22.836,106507
22.856,106585
22.876,106527
22.896,106467
22.916,106540
22.936,106564
22.957,106583
22.978,106678
22.996,106648
23.016,106614
23.037,106668
23.057,106565
23.077,106454
23.095,106406
23.116,106245
23.137,106160
23.157,106197
23.175,106187
23.196,106202
23.216,106285
23.236,106205
23.256,106157
23.276,106248
23.298,106238
23.316,106294
23.336,106343
23.356,106246
23.376,106190
23.397,106242
23.417,106207
23.437,106252
23.456,106316
23.477,106226
23.497,106229
23.517,106297
23.535,106274
23.556,106341
23.576,106419
23.596,106314
23.617,106337
23.636,106402
23.656,106360
23.676,106409
23.696,106470
23.716,106339
23.736,106360
23.757,106439
23.778,106414
23.796,106478
23.816,106538
23.837,106457
23.857,106479
23.877,106511
23.895,106391
23.916,106330
23.937,106269
23.955,106093
23.975,106031
23.996,106080
24.016,106021
24.036,106081
24.056,106149
24.076,106030
24.098,106054
24.116,106130
24.136,106091
24.156,106161
24.176,106204
24.197,106081
24.217,106087
24.235,106128
24.256,106090
24.277,106163
24.297,106223
24.315,106139
24.335,106157
24.356,106252
24.376,106204
24.396,106316
24.417,106363
24.436,106269
24.456,106303
24.476,106343
24.496,106325
24.516,106403
24.536,106430
24.557,106345
24.578,106387
24.596,106443
24.616,106416
24.637,106517
24.657,106551
24.675,106445
24.695,106358
24.715,106301
24.737,106181
24.755,106201
24.775,106168
24.795,106062
24.816,106098
24.836,106142
24.856,106132
24.876,106221
24.897,106231
24.916,106162
24.936,106241
24.956,106248
24.976,106214
24.997,106291
25.017,106282
25.035,106209
25.056,106239
25.077,106300
25.095,106269
25.115,106370
25.135,106404
25.155,106319
25.176,106404
25.196,106439
25.217,106427
25.235,106551
25.256,106546
25.276,106485
25.296,106530
25.316,106556
25.336,106558
25.357,106651
25.376,106633
25.396,106554
25.416,106607
25.437,106671
25.455,106637
25.475,106761
25.495,106760
25.515,106659
25.537,106630
25.555,106520
25.575,106361
25.595,106373
25.616,106250
25.636,106150
25.656,106189
25.676,106203
25.697,106194
25.716,106276
25.736,106233
25.756,106145
25.776,106234
25.795,106245
25.815,106243
25.835,106342
25.856,106303
25.875,106215
25.895,106258
25.915,106278
25.935,106259
25.955,106395
25.976,106349
25.996,106287
26.017,106352
26.035,106375
26.056,106370
26.076,106463
26.096,106429
26.116,106344
26.136,106428
26.155,106400
26.176,106414
26.196,106511
26.216,106467
26.235,106409
26.255,106498
26.275,106506
26.295,106516
26.315,106611
26.337,106565
26.355,106510
26.375,106563
26.395,106449
26.416,106334
26.436,106310
26.456,106154
26.476,106075
26.496,106099
26.516,106093
26.536,106125
26.556,106195
26.575,106109
26.595,106082
26.615,106153
26.635,106139
26.656,106177
26.675,106228
26.695,106107
26.715,106092
26.735,106149
26.755,106098
26.776,106165
26.796,106238
26.817,106146
26.835,106176
26.856,106261
26.876,106235
26.896,106301
26.916,106339
26.935,106249
26.955,106284
26.976,106332
26.996,106322
27.015,106401
27.035,106447
27.055,106350
27.075,106377
27.095,106452
27.115,106451
27.137,106557
27.155,106535
27.175,106348
27.195,106286
27.216,106224
27.236,106126
27.256,106171
27.276,106154
27.296,106046
27.316,106089
27.336,106145
27.356,106136
27.374,106246
27.395,106237
27.415,106174
27.435,106196
27.456,106226
27.475,106208
27.495,106285
27.515,106271
27.535,106185
27.555,106237
27.576,106293
27.596,106287
27.617,106406
27.635,106418
27.656,106328
27.676,106397
27.696,106443
27.716,106417
27.734,106539
27.755,106526
27.776,106455
27.794,106517
27.814,106558
27.835,106544
27.855,106661
27.875,106663
27.895,106583
27.915,106656
27.937,106692
27.955,106688
27.975,106784
27.995,106667
28.016,106429
28.036,106371
28.056,106285
28.074,106208
28.096,106298
28.116,106249
28.136,106156
28.154,106233
28.174,106242
28.195,106191
28.215,106309
28.235,106303
28.256,106214
28.275,106272
28.295,106261
28.315,106228
28.335,106331
28.355,106298
28.376,106224
28.396,106277
28.417,106305
28.435,106307
28.456,106435
28.476,106402
28.496,106336
28.514,106421
28.534,106433
28.555,106436
28.576,106549
28.594,106494
28.614,106434
28.635,106509
28.655,106527
28.675,106518
28.695,106621
28.715,106589
28.737,106506
28.755,106591
28.775,106593
28.795,106609
28.815,106700
28.836,106678
28.856,106554
28.874,106526
28.896,106375
28.916,106254
28.936,106262
28.954,106179
28.974,106083
28.995,106142
29.015,106131
29.035,106152
29.056,106239
29.075,106161
29.095,106091
29.115,106186
29.135,106182
29.155,106200
29.175,106252
29.196,106173
29.217,106113
29.235,106154
29.255,106167
29.276,106190
29.296,106263
29.314,106230
29.334,106191
29.355,106259
29.376,106279
29.394,106299
29.414,106389
29.435,106318
29.455,106293
29.475,106370
29.495,106378
29.515,106397
29.537,106488
29.555,106420
29.575,106404
29.595,106474
29.615,106469
29.636,106506
29.654,106607
29.674,106566
29.695,106507
29.716,106469
29.734,106318
29.754,106233
29.774,106265
29.795,106129
29.815,106077
29.835,106158
29.856,106130
29.875,106169
29.895,106268
29.915,106198
29.935,106183
29.955,106267
29.975,106259
29.996,106275
30.015,106325
30.035,106243
30.055,106205
30.076,106275
30.094,106263
30.114,106301
30.134,106414
30.155,106345
30.176,106319
30.194,106429
30.214,106434
30.235,106481
30.255,106577
30.275,106491
30.295,106485
30.315,106569
30.337,106552
30.355,106594
30.375,106669
30.395,106591
30.415,106605
30.436,106698
30.454,106676
30.474,106736
30.495,106832
30.516,106749
30.534,106659
30.554,106594
30.574,106453
30.595,106374
30.615,106364
30.635,106238
30.656,106227
30.675,106270
30.695,106252
30.715,106314
30.735,106375
30.755,106298
30.775,106312
30.796,106369
30.815,106341
30.835,106360
30.855,106437
30.874,106319
30.894,106328
30.914,106401
30.934,106392
30.954,106449
30.976,106526
30.994,106439
31.014,106463
31.035,106538
31.055,106500
31.075,106578
31.095,106659
31.115,106578
31.137,106595
31.155,106670
31.175,106652
31.195,106696
31.215,106772
31.234,106669
31.254,106669
31.274,106736
31.295,106717
31.314,106772
31.334,106833
31.354,106782
31.374,106719
31.394,106669
31.415,106501
31.435,106413
31.456,106378
31.474,106230
31.495,106222
31.515,106279
31.535,106247
31.555,106312
31.575,106364
31.594,106279
31.615,106272
31.635,106349
31.655,106304
31.674,106359
31.694,106387
31.714,106283
31.734,106258
31.754,106330
31.776,106268
31.794,106355
31.814,106380
31.834,106321
31.855,106305
31.875,106376
31.895,106366
31.915,106413
31.936,106464
31.955,106386
31.975,106372
31.995,106452
32.015,106405
32.034,106483
32.054,106542
32.074,106436
32.095,106448
32.114,106516
32.134,106496
32.154,106560
32.174,106623
32.194,106543
32.215,106553
32.235,106565
32.256,106411
32.274,106299
32.295,106247
32.315,106067
32.335,106030
32.355,106066
32.375,106043
32.394,106101
32.415,106149
32.435,106059
32.454,106050
32.474,106113
32.494,106089
32.514,106154
32.534,106178
32.554,106087
32.576,106061
32.594,106109
32.614,106087
32.634,106145
32.655,106224
32.675,106138
32.695,106164
32.715,106259
32.735,106229
32.755,106287
32.775,106329
32.795,106257
32.814,106281
32.834,106350
32.854,106334
32.874,106370
32.895,106440
32.914,106377
32.934,106381
32.954,106453
32.974,106444
32.994,106518
33.015,106607
33.035,106515
33.056,106399
33.074,106322
33.095,106164
33.115,106152
33.135,106129
33.155,106012
33.174,106006
33.194,106102
33.215,106064
33.235,106147
33.254,106189
33.274,106105
33.294,106128
33.314,106203
33.334,106145
33.354,106211
33.376,106230
33.394,106146
33.414,106164
33.434,106230
33.455,106200
33.475,106298
33.495,106342
33.515,106273
33.535,106316
33.555,106381
33.575,106376
33.595,106435
33.614,106490
33.634,106403
33.654,106416
33.674,106488
33.695,106446
33.714,106511
33.734,106587
33.754,106499
33.774,106535
33.794,106583
33.815,106577
33.835,106667
33.856,106676
33.874,106450
33.895,106320
33.915,106246
33.935,106121
33.955,106124
33.974,106155
33.994,106039
34.015,106051
34.035,106111
34.054,106069
34.074,106130
34.094,106139
34.114,106078
34.134,106086
34.154,106141
34.176,106092
34.194,106152
34.214,106160
34.234,106070
34.255,106099
34.275,106158
34.295,106150
34.315,106210
34.335,106257
34.355,106183
34.375,106231
34.395,106303
34.414,106278
34.434,106364
34.454,106380
34.474,106279
34.495,106318
34.514,106383
34.534,106337
34.554,106402
34.574,106437
34.594,106331
34.615,106359
34.635,106425
34.656,106399
34.674,106504
34.695,106438
34.715,106207
34.735,106080
34.755,106012
34.773,105897
34.794,105949
34.815,105944
34.835,105837
34.854,105875
34.874,105919
34.894,105886
34.914,105941
34.934,105972
34.954,105888
34.976,105875
34.994,105931
35.014,105908
35.034,105933
35.055,105959
35.075,105861
35.095,105879
35.115,105928
35.135,105918
35.155,106002
35.175,106033
35.195,105970
35.213,106005
35.234,106062
35.254,106051
35.274,106152
35.295,106165
35.314,106092
35.334,106141
35.354,106197
35.374,106173
35.394,106266
35.415,106263
35.435,106201
35.456,106276
35.474,106326
35.495,106208
35.515,106173
35.535,106022
35.555,105820
35.573,105815
35.594,105817
35.615,105812
35.635,105885
35.653,105895
35.674,105794
35.694,105867
35.714,105907
35.734,105911
35.754,106005
35.776,105997
35.794,105903
35.814,105924
35.834,105955
35.855,105922
35.875,106005
35.895,105992
35.915,105919
35.935,105986
35.955,106046
35.975,106040
35.995,106142
36.013,106156
36.034,106069
36.054,106161
36.074,106177
36.095,106161
36.114,106270
36.134,106257
36.154,106186
36.174,106237
36.194,106287
36.215,106277
36.235,106379
36.256,106373
36.274,106330
36.295,106412
36.315,106425
36.335,106319
36.355,106266
36.373,106092
36.394,105890
36.415,105868
36.435,105874
36.453,105819
36.474,105916
36.494,105906
36.514,105808
36.534,105843
36.554,105880
36.576,105870
36.594,105948
36.614,105941
36.634,105836
36.655,105867
36.675,105905
36.695,105850
36.715,105951
36.735,105945
36.755,105871
36.775,105938
36.795,105983
36.813,105992
36.834,106091
36.854,106082
36.874,105993
36.895,106059
36.914,106092
36.934,106078
36.954,106170
36.974,106182
36.994,106087
37.014,106145
37.035,106171
37.056,106146
37.074,106230
37.094,106262
37.115,106152
37.135,106186
37.153,106132
37.173,105950
37.194,105909
37.215,105807
37.233,105628
37.253,105654
37.274,105683
37.294,105638
37.314,105759
37.334,105716
37.354,105627
37.376,105658
37.394,105686
37.414,105671
37.434,105739
37.454,105718
37.475,105621
37.495,105634
37.515,105653
37.535,105612
37.555,105715
37.575,105727
37.595,105660
37.613,105702
37.634,105760
37.654,105746
37.674,105824
37.695,105836
37.714,105759
37.734,105801
37.754,105871
37.774,105849
37.794,105927
37.814,105951
37.835,105863
37.856,105928
37.874,105963
37.894,105950
37.915,106093
37.935,106063
37.955,105878
37.975,105798
37.995,105716
38.017,105585
38.035,105640
38.055,105593
38.075,105532
38.096,105579
38.116,105615
38.134,105589
38.154,105697
38.176,105705
38.196,105633
38.214,105674
38.234,105681
38.254,105660
38.275,105765
38.295,105719
38.315,105641
38.336,105713
38.355,105753
38.375,105739
38.395,105882
38.415,105883
38.435,105800
38.456,105887
38.476,105892
38.497,105908
38.515,106005
38.536,105985
38.556,105898
38.576,105971
38.596,106011
38.616,106003
38.635,106114
38.656,106097
38.676,106035
38.696,106104
38.715,106148
38.735,106138
38.755,106150
38.775,106006
38.795,105759
38.817,105704
38.835,105680
38.855,105621
38.875,105726
38.896,105676
38.916,105596
38.936,105677
38.956,105670
38.977,105657
38.996,105772
39.016,105717
39.036,105661
39.056,105702
39.076,105708
39.097,105685
39.117,105761
39.136,105734
39.156,105687
39.177,105771
39.197,105773
39.215,105810
39.235,105922
39.255,105907
39.276,105850
39.297,105921
39.315,105931
39.335,105957
39.356,106062
39.376,106037
39.396,105969
39.416,106055
39.436,106073
39.458,106091
39.476,106208
39.496,106165
39.516,106103
39.537,106193
39.557,106200
39.577,106197
39.597,106227
39.618,106025
39.637,105800
39.657,105746
39.677,105695
39.697,105668
39.716,105730
39.736,105684
39.756,105621
39.777,105683
39.796,105663
39.816,105672
39.836,105765
39.856,105722
39.876,105645
39.896,105702
39.917,105687
39.938,105667
39.956,105769
39.977,105705
39.997,105646
40.017,105713
40.037,105716
40.057,105736
40.077,105841
40.099,105780
40.117,105759
40.137,105813
40.157,105853
40.178,105842
40.198,105935
40.216,105903
40.236,105828
40.258,105904
40.278,105918
40.298,105954
40.316,106058
40.336,106017
40.357,105946
40.377,106048
40.397,105995
40.418,105864
40.437,105825
40.457,105682
40.477,105558
40.497,105592
40.517,105601
40.538,105617
40.558,105725
40.579,105676
40.597,105620
40.618,105674
40.638,105705
40.658,105709
40.678,105813
40.698,105768
40.717,105659
40.738,105721
40.758,105706
40.778,105741
40.797,105830
40.817,105812
40.837,105773
40.857,105863
40.877,105904
40.899,105908
40.917,106006
40.937,106007
40.957,105942
40.978,106032
40.998,106053
41.018,106062
41.038,106172
41.059,106147
41.078,106096
41.098,106156
41.118,106181
41.138,106182
41.158,106302
41.179,106294
41.199,106160
41.218,106125
41.238,105992
41.259,105833
41.279,105845
41.297,105754
41.317,105644
41.338,105705
41.358,105728
41.379,105712
41.397,105804
41.418,105765
41.438,105697
41.458,105781
41.478,105779
41.498,105766
41.518,105843
41.54,105799
41.558,105727
41.578,105786
41.598,105816
41.619,105814
41.639,105936
41.659,105919
41.679,105848
41.7,105943
41.719,105970
41.739,105994
41.759,106083
41.779,106049
41.798,105996
41.818,106100
41.838,106122
41.859,106097
41.878,106203
41.898,106166
41.918,106122
41.938,106209
41.958,106211
41.979,106238
41.999,106345
42.02,106317
42.038,106176
42.059,106091
42.079,105955
42.099,105825
42.119,105825
42.139,105742
42.159,105656
42.181,105694
42.199,105707
42.219,105698
42.239,105789
42.26,105738
42.28,105627
42.298,105711
42.318,105714
42.34,105701
42.36,105769
42.378,105725
42.398,105616
42.419,105675
42.439,105702
42.459,105698
42.479,105789
42.5,105778
42.519,105734
42.539,105792
42.559,105806
42.579,105794
42.599,105918
42.62,105878
42.64,105817
42.661,105883
42.679,105892
42.7,105868
42.72,105993
42.74,105959
42.76,105886
42.78,105956
42.799,105997
42.82,105985
42.84,106114
42.86,106052
42.879,105862
42.899,105756
42.919,105650
42.939,105549
42.959,105586
42.981,105519
42.999,105448
43.019,105520
43.039,105542
43.06,105533
43.08,105617
43.1,105577
43.12,105545
43.141,105601
43.16,105584
43.18,105585
43.2,105655
43.22,105593
43.241,105531
43.261,105590
43.279,105624
43.3,105633
43.321,105746
43.341,105721
43.361,105670
43.379,105765
43.399,105790
43.42,105815
43.44,105943
43.461,105907
43.479,105846
43.5,105937
43.52,105959
43.54,105978
43.56,106084
43.58,106027
43.6,105979
43.622,106070
43.64,106069
43.66,105985
43.681,105942
43.701,105760
43.721,105591
43.741,105585
43.761,105592
43.781,105570
43.801,105662
43.821,105626
43.841,105539
43.861,105601
43.88,105617
43.9,105636
43.92,105719
43.941,105680
43.96,105612
43.98,105662
44,105643
44.02,105642
44.04,105745
44.061,105718
44.081,105680
44.102,105772
44.12,105802
44.141,105810
44.161,105946
44.181,105949
44.201,105895
44.221,105986
44.242,106010
44.263,105991
44.281,106125
44.301,106084
44.322,106022
44.342,106094
44.362,106088
44.38,106095
44.4,106225
44.422,106190
44.442,106134
44.462,106210
44.48,106129
44.501,105963
44.521,105901
44.541,105746
44.561,105608
44.582,105622
44.601,105590
44.621,105575
44.641,105660
44.661,105623
44.682,105536
44.702,105603
44.722,105616
44.743,105631
44.762,105715
44.782,105660
44.802,105578
44.822,105618
44.842,105624
44.862,105608
44.881,105696
44.902,105655
44.922,105599
44.942,105660
44.963,105704
44.981,105705
45.001,105813
45.021,105790
45.042,105737
45.063,105814
45.081,105804
45.101,105779
45.122,105883
45.142,105851
45.162,105784
45.182,105882
45.202,105876
45.224,105875
45.242,105973
45.262,105944
45.282,105900
45.302,105949
45.323,105900
45.343,105743
45.363,105706
45.382,105542
45.403,105424
45.423,105434
45.443,105437
45.463,105412
45.482,105532
45.502,105498
45.522,105406
45.543,105466
45.562,105481
45.582,105467
45.602,105562
45.622,105509
45.642,105421
45.662,105477
45.683,105484
45.704,105448
45.722,105573
45.742,105553
45.763,105503
45.783,105564
45.803,105611
45.823,105618
45.843,105721
45.865,105728
45.883,105642
45.903,105692
45.923,105742
45.943,105729
45.964,105837
45.982,105844
46.002,105759
46.023,105834
46.044,105866
46.062,105864
46.082,105959
46.102,105939
46.123,105781
46.143,105706
46.163,105601
46.184,105476
46.203,105504
46.223,105469
46.243,105383
46.263,105436
46.283,105454
46.303,105426
46.324,105535
46.345,105538
46.363,105594
46.383,105554
46.404,105605
46.424,105586
46.444,105655
46.462,105641
46.483,105561
46.504,105611
46.524,105676
46.544,105678
46.563,105792
46.583,105827
46.603,105758
46.623,105841
46.643,105873
46.665,105880
46.683,106013
46.703,105964
46.723,105909
46.743,105974
46.764,106007
46.784,106009
46.804,106124
46.825,106096
46.844,105913
46.864,106101
46.884,106136
46.904,106113
46.924,106250
46.945,106253
46.965,106191
46.984,106217
47.004,106093
47.025,105940
47.045,105911
47.063,105825
47.083,105631
47.103,105662
47.124,105655
47.145,105650
47.163,105810
47.183,105708
47.204,105604
47.224,105668
47.244,105683
47.264,105669
47.284,105761
47.306,105720
47.324,105604
47.344,105654
47.364,105674
47.385,105647
47.405,105763
47.425,105852
47.445,105790
47.466,105831
47.513,105942
47.533,105927
47.553,105889
47.573,105919
47.592,105945
47.612,105944
47.632,106059
47.653,106029
47.672,105972
47.692,106039
47.712,106064
47.732,106021
47.752,106156
47.773,106152
47.793,106067
47.814,106067
47.832,105948
47.853,105782
47.873,105759
47.893,105614
47.913,105501
47.933,105520
47.952,105508
47.973,105487
47.993,105583
48.013,105560
48.032,105459
48.052,105520
48.072,105524
48.092,105524
48.112,105600
48.134,105569
48.152,105471
48.172,105501
48.192,105529
48.213,105513
48.233,105618
48.253,105629
48.273,105555
48.294,105610
48.313,105652
48.333,105631
48.353,105750
48.373,105746
48.392,105673
48.412,105731
48.432,105752
48.453,105746
48.472,105860
48.492,105833
48.512,105780
48.532,105831
48.552,105863
48.573,105855
48.593,105984
48.614,105977
48.632,105905
48.653,105978
48.673,105918
48.693,105764
48.713,105736
48.733,105597
48.752,105448
48.773,105468
48.793,105483
48.813,105479
48.832,105601
48.852,105577
48.872,105515
48.892,105579
48.912,105611
48.934,105622
48.952,105704
48.972,105680
48.992,105587
49.013,105628
49.033,105652
49.053,105643
49.073,105764
49.094,105750
49.113,105695
49.133,105780
49.153,105813
49.173,105823
49.192,105947
49.212,105917
49.232,105841
49.253,105923
49.272,105966
49.292,105986
49.312,106100
49.332,106082
49.352,106044
49.373,106118
49.393,106141
49.414,106142
49.432,106244
49.453,106244
49.473,106178
49.493,106177
49.513,106045
49.533,105877
49.552,105874
49.573,105757
49.593,105649
49.613,105688
49.632,105712
49.652,105702
49.672,105786
49.692,105735
49.712,105687
49.734,105732
49.752,105744
49.772,105736
49.792,105823
49.813,105777
49.833,105683
49.853,105750
49.873,105768
49.894,105752
49.913,105873
49.933,105846
49.953,105783
49.973,105861
49.992,105912
50.012,105932
50.032,106040
50.053,106014
50.072,105944
50.092,106008
50.112,106042
50.132,106040
50.152,106163
50.173,106096
50.193,106052
50.214,106105
50.232,106139
50.253,106141
50.273,106243
50.293,106226
50.313,106158
50.333,106156
50.352,106024
50.373,105877
50.393,105874
50.413,105747
50.432,105664
50.452,105681
50.472,105688
50.492,105705
50.512,105777
50.534,105695
50.552,105654
50.572,105737
50.592,105717
50.613,105743
50.633,105821
50.653,105741
50.673,105671
50.694,105752
50.713,105706
50.733,105747
50.753,105848
50.773,105770
50.792,105744
50.812,105817
50.832,105814
50.853,105843
50.872,105936
50.892,105856
50.912,105820
50.932,105889
50.952,105871
50.973,105908
50.993,105977
51.014,105942
51.032,105905
51.053,105974
51.073,105976
51.093,105988
51.113,106105
51.133,106048
51.152,105901
51.173,105846
51.193,105728
51.213,105656
51.232,105665
51.252,105558
51.272,105515
51.292,105616
51.312,105592
51.334,105632
51.352,105679
51.372,105636
51.392,105600
51.413,105700
51.433,105688
51.453,105668
51.473,105736
51.494,105661
51.513,105622
51.533,105688
51.553,105701
51.573,105729
51.592,105828
51.612,105776
51.632,105768
51.653,105838
51.672,105845
51.692,105892
51.712,105957
51.732,105895
51.752,105872
51.773,105960
51.793,105938
51.814,106001
51.832,106094
51.853,105997
51.873,105983
51.893,106079
51.913,106077
51.933,106112
51.952,106141
51.973,105947
51.993,105790
52.013,105733
52.032,105642
52.052,105657
52.072,105702
52.092,105627
52.112,105610
52.134,105673
52.152,105634
52.172,105723
52.192,105782
52.213,105711
52.233,105688
52.253,105746
52.273,105719
52.294,105761
52.313,105831
52.333,105727
52.353,105721
52.373,105789
52.392,105786
52.412,105862
52.432,105934
52.453,105874
52.472,105882
52.492,105939
52.512,105923
52.532,106001
52.552,106054
52.572,105974
52.593,105976
52.614,106042
52.632,106027
52.653,106066
52.673,106147
52.693,106066
52.713,106086
52.733,106147
52.752,106036
52.773,105968
52.793,105887
52.813,105688
52.832,105640
52.852,105661
52.872,105623
52.892,105679
52.912,105741
52.934,105646
52.952,105631
52.972,105696
52.992,105668
53.013,105739
53.033,105788
53.053,105682
53.073,105689
53.094,105725
53.113,105710
53.133,105743
53.153,105832
53.173,105726
53.192,105735
53.212,105802
53.232,105773
53.253,105855
53.272,105905
53.292,105797
53.312,105792
53.332,105869
53.352,105837
53.372,105906
53.393,105948
53.414,105846
53.432,105884
53.453,105915
53.473,105895
53.493,105961
53.513,106040
53.533,105941
53.552,105929
53.573,105880
53.593,105723
53.611,105679
53.632,105610
53.652,105485
53.672,105477
53.692,105529
53.712,105499
53.734,105552
53.752,105566
53.772,105474
53.792,105518
53.813,105570
53.833,105548
53.853,105614
53.873,105623
53.893,105523
53.913,105533
53.933,105575
53.953,105545
53.971,105601
53.992,105658
54.012,105577
54.032,105615
54.053,105673
54.072,105661
54.092,105729
54.112,105770
54.132,105699
54.152,105706
54.172,105765
54.193,105721
54.214,105822
54.232,105866
54.253,105762
54.273,105797
54.293,105880
54.313,105875
54.331,105941
54.352,105908
54.373,105700
54.393,105599
54.411,105567
54.432,105476
54.452,105545
54.472,105557
54.492,105495
54.512,105532
54.534,105592
54.552,105586
54.572,105677
54.592,105699
54.612,105602
54.633,105605
54.653,105670
54.673,105602
54.692,105677
54.713,105691
54.733,105610
54.753,105639
54.771,105751
54.792,105751
54.812,105827
54.832,105877
54.853,105777
54.872,105843
54.892,105899
54.912,105881
54.932,105966
54.952,105972
54.972,105893
54.993,105923
55.014,106021
55.032,105975
55.052,106083
55.073,106091
55.093,105998
55.113,106049
55.131,106066
55.152,105934
55.173,105892
55.193,105773
55.211,105601
55.232,105595
55.252,105616
55.272,105586
55.292,105671
55.312,105679
55.334,105606
55.352,105663
55.372,105677
55.392,105654
55.412,105741
55.433,105730
55.453,105630
55.473,105679
55.492,105670
55.513,105660
55.533,105748
55.553,105752
55.571,105672
55.591,105703
55.612,105758
55.632,105738
55.653,105837
55.672,105822
55.692,105753
55.712,105823
55.732,105853
55.752,105842
55.772,105927
55.793,105927
55.814,105839
55.832,105885
55.852,105944
55.873,105934
55.893,106028
55.913,106056
55.931,105990
55.951,106035
55.973,105965
55.993,105815
56.011,105766
56.031,105664
56.052,105504
56.072,105549
56.092,105557
56.112,105526
56.133,105633
56.152,105621
56.172,105522
56.192,105585
56.212,105604
56.233,105600
56.253,105709
56.273,105656
56.292,105554
56.313,105605
56.333,105618
56.353,105593
56.371,105704
56.391,105676
56.412,105614
56.432,105686
56.453,105707
56.471,105699
56.492,105800
56.512,105779
56.532,105703
56.552,105766
56.572,105762
56.592,105751
56.614,105850
56.632,105823
56.652,105747
56.673,105841
56.693,105844
56.713,105838
56.731,105975
56.751,105953
56.773,105850
56.793,105805
56.811,105699
56.831,105565
56.852,105576
56.872,105482
56.892,105406
56.912,105450
56.933,105495
56.952,105475
56.972,105572
56.992,105553
57.012,105466
57.032,105551
57.053,105542
57.073,105544
57.094,105627
57.112,105585
57.133,105491
57.153,105569
57.171,105558
57.191,105558
57.212,105679
57.232,105643
57.253,105601
57.271,105657
57.292,105680
57.312,105692
57.332,105821
57.352,105774
57.372,105713
57.392,105787
57.414,105817
57.432,105822
57.452,105921
57.472,105880
57.493,105825
57.513,105900
57.531,105932
57.551,105947
57.573,106027
57.593,105902
57.611,105697
57.631,105650
57.652,105566
57.672,105517
57.692,105596
57.712,105541
57.733,105497
57.752,105573
57.772,105597
57.792,105590
57.812,105694
57.832,105648
57.853,105600
57.873,105661
57.894,105647
57.912,105656
57.933,105737
57.953,105700
57.973,105666
57.991,105736
58.012,105749
58.032,105774
58.053,105878
58.071,105851
58.092,105786
58.112,105871
58.132,105907
58.152,105926
58.172,106020
58.192,105969
58.214,105905
58.232,106029
58.252,106027
58.272,106054
58.293,106159
58.313,106117
58.331,106060
58.351,106130
58.373,106143
58.393,106186
58.411,106264
58.431,106076
58.452,105898
58.472,105808
58.492,105710
58.512,105677
58.533,105722
58.552,105650
58.572,105594
58.592,105668
58.612,105679
58.632,105697
58.653,105772
58.673,105716
58.692,105683
58.712,105759
58.733,105743
58.753,105769
58.771,105819
58.791,105759
58.812,105728
58.832,105816
58.853,105797
58.871,105848
58.892,105925
58.912,105873
58.932,105859
58.952,105944
58.972,105910
58.992,105994
59.014,106052
59.032,105968
59.052,105957
59.072,106033
59.093,106005
59.113,106055
59.131,106125
59.151,106042
59.173,106037
59.193,106125
59.211,106092
59.231,106164
59.252,106255
59.272,106186
59.292,106143
59.312,106088
59.333,105916
59.352,105847
59.372,105810
59.392,105649
59.412,105642
59.432,105694
59.453,105671
59.473,105729
59.492,105754
59.512,105641
59.533,105668
59.553,105720
59.571,105684
59.591,105736
59.611,105769
59.632,105663
59.653,105661
59.671,105702
59.692,105654
59.712,105714
59.732,105749
59.752,105684
59.772,105714
59.792,105769
59.814,105756
59.832,105833
59.852,105872
59.872,105798
59.893,105827
59.913,105866
59.931,105853
59.951,105931
59.973,105947
59.993,105867
60.011,105916
60.031,105952
60.051,105942
60.072,106012
60.092,106058
60.112,105979
60.133,106023
60.152,106052
60.172,105991
60.192,105945
60.212,105797
60.232,105616
60.253,105581
60.273,105581
60.292,105541
60.312,105658
60.333,105655
60.353,105578
60.371,105635
60.391,105673
60.411,105680
60.432,105783
60.453,105761
60.471,105653
60.491,105698
60.512,105722
60.532,105696
60.552,105797
60.572,105774
60.592,105715
60.614,105777
60.632,105812
60.652,105812
60.672,105940
60.693,105943
60.713,105872
60.731,105955
60.751,105972
60.773,105979
60.793,106080
60.811,106056
60.831,105988
60.851,106082
60.872,106098
60.892,106082
60.912,106203
60.933,106208
60.952,106150
60.972,106176
60.992,106049
61.012,105885
61.032,105878
61.053,105759
61.073,105638
61.092,105707
61.112,105714
61.133,105717
61.153,105812
61.171,105787
61.191,105729
61.211,105793
61.232,105823
61.253,105825
61.271,105896
61.291,105835
61.312,105759
61.332,105824
61.352,105828
61.372,105845
61.392,105929
61.414,105908
61.432,105867
61.452,105976
61.472,105988
61.492,106006
61.513,106122
61.531,106067
61.551,106036
61.573,106116
61.593,106106
61.611,106136
61.631,106219
61.651,106175
61.672,106140
61.692,106222
61.712,106200
61.733,106233
61.752,106321
61.772,106244
61.792,106151
61.812,106070
61.832,105884
61.852,105804
61.873,105782
61.892,105666
61.912,105644
61.932,105725
61.953,105718
61.971,105754
61.991,105802
62.011,105729
62.032,105723
62.053,105775
62.071,105745
62.091,105785
62.112,105808
62.132,105707
62.152,105709
62.172,105776
62.192,105743
62.214,105818
62.232,105866
62.252,105803
62.272,105837
62.292,105916
62.313,105894
62.331,105977
62.351,106031
62.372,105922
62.393,105952
62.411,106049
62.431,106008
62.451,106077
62.472,106131
62.492,106051
62.512,106064
62.533,106134
62.552,106100
62.572,106192
62.592,106220
62.612,106003
62.632,105879
62.652,105798
62.673,105659
62.692,105676
62.712,105705
62.732,105591
62.753,105620
62.771,105679
62.791,105649
62.811,105707
62.832,105750
62.853,105666
62.871,105677
62.891,105720
62.912,105642
62.932,105703
62.952,105712
62.972,105606
62.992,105634
63.014,105685
63.032,105671
63.052,105765
63.072,105811
63.092,105731
63.113,105768
63.131,105829
63.151,105808
63.172,105896
63.193,105903
63.211,105822
63.231,105870
63.251,105914
63.272,105888
63.292,105958
63.312,105984
63.333,105910
63.352,105951
63.372,106016
63.392,105963
63.412,105932
63.432,105832
63.452,105608
63.473,105534
63.492,105559
63.512,105504
63.532,105600
63.553,105619
63.571,105550
63.591,105589
63.611,105617
63.632,105606
63.653,105705
63.671,105689
63.691,105602
63.712,105618
63.732,105636
63.752,105610
63.772,105692
63.792,105697
63.814,105627
63.832,105691
63.852,105753
63.872,105741
63.892,105841
63.913,105854
63.931,105779
63.951,105848
63.972,105882
63.993,105874
64.011,105975
64.031,105973
64.051,105909
64.071,105980
64.092,106007
64.112,106018
64.133,106126
64.152,106124
64.172,106048
64.192,106052
64.212,105920
64.232,105753
64.252,105733
64.273,105648
64.292,105534
64.312,105592
64.332,105610
64.353,105594
64.371,105703
64.391,105669
64.411,105576
64.431,105658
64.453,105657
64.471,105652
64.491,105721
64.511,105661
64.532,105573
64.552,105639
64.572,105647
64.592,105661
64.613,105778
64.632,105747
64.652,105696
64.672,105770
64.692,105800
64.713,105797
64.731,105899
64.751,105882
64.772,105817
64.793,105885
64.811,105885
64.831,105902
64.851,106009
64.871,105975
64.892,105917
64.912,105987
64.933,105989
64.951,106022
64.972,106049
64.992,105842
65.012,105642
65.032,105595
65.052,105544
65.073,105486
65.092,105561
65.112,105520
65.132,105449
65.153,105518
65.171,105518
65.191,105509
65.211,105586
65.231,105541
65.253,105489
65.271,105559
65.291,105523
65.311,105527
65.332,105619
65.352,105564
65.372,105513
65.392,105587
65.413,105603
65.432,105636
65.452,105734
65.472,105681
65.492,105629
65.512,105705
65.531,105710
65.551,105718
65.572,105805
65.592,105765
65.611,105720
65.631,105819
65.651,105799
65.671,105805
65.692,105908
65.712,105830
65.733,105788
65.751,105857
65.772,105746
65.792,105615
65.812,105559
65.832,105423
65.852,105283
65.872,105322
65.894,105301
65.912,105319
65.932,105415
65.952,105337
65.971,105283
65.991,105362
66.011,105348
66.031,105344
66.053,105438
66.071,105355
66.091,105301
66.111,105352
66.132,105337
66.152,105337
66.172,105445
66.192,105388
66.213,105377
66.232,105452
66.252,105463
66.272,105503
66.292,105590
66.312,105532
66.331,105518
66.351,105594
66.372,105577
66.392,105632
66.411,105723
66.431,105670
66.451,105633
66.471,105704
66.492,105737
66.512,105748
66.533,105780
66.551,105580
66.572,105403
66.592,105363
66.612,105306
66.632,105297
66.652,105370
66.672,105332
66.694,105296
66.712,105390
66.732,105392
66.752,105419
66.771,105510
66.791,105440
66.811,105383
66.831,105446
66.853,105417
66.871,105430
66.891,105511
66.911,105460
66.932,105424
66.952,105508
66.972,105520
66.992,105572
67.013,105676
67.032,105600
67.052,105586
67.072,105657
67.092,105677
67.112,105700
67.133,105789
67.151,105754
67.172,105722
67.192,105808
67.213,105822
67.231,105858
67.251,105965
67.271,105883
67.291,105797
67.312,105742
67.333,105561
67.351,105445
67.372,105468
67.392,105322
67.412,105286
67.432,105364
67.452,105363
67.472,105406
67.494,105468
67.512,105386
67.532,105389
67.552,105458
67.573,105459
67.591,105448
67.611,105517
67.631,105412
67.653,105360
67.671,105430
67.691,105391
67.711,105427
67.731,105522
67.752,105460
67.772,105433
67.792,105497
67.813,105509
67.832,105535
67.852,105652
67.872,105573
67.892,105558
67.912,105643
67.933,105632
67.951,105676
67.972,105772
67.992,105704
68.013,105692
68.031,105776
68.051,105751
68.071,105730
68.091,105663
68.112,105426
68.133,105281
68.151,105244
68.171,105188
68.192,105204
68.212,105277
68.232,105196
68.252,105175
68.272,105226
68.294,105190
68.312,105228
68.332,105307
68.352,105226
68.372,105176
68.391,105227
68.411,105182
68.431,105210
68.452,105272
68.471,105179
68.491,105178
68.511,105250
68.531,105229
68.552,105314
68.572,105368
68.592,105291
68.613,105296
68.632,105388
68.652,105345
68.672,105400
68.692,105463
68.712,105381
68.732,105392
68.753,105459
68.772,105442
68.792,105514
68.812,105586
68.833,105515
68.851,105477
68.871,105428
68.891,105251
68.912,105147
68.933,105139
68.951,105011
68.971,104969
68.992,105059
69.012,105022
69.032,105073
69.052,105140
69.072,105033
69.094,105060
69.112,105120
69.132,105106
69.152,105148
69.172,105173
69.193,105075
69.211,105079
69.231,105137
69.252,105115
69.273,105186
69.291,105265
69.311,105188
69.331,105223
69.352,105287
69.372,105265
69.392,105328
69.413,105407
69.432,105323
69.452,105347
69.472,105409
69.492,105395
69.512,105455
69.532,105515
69.553,105454
69.572,105506
69.592,105549
69.612,105410
69.633,105302
69.651,105249
69.671,105073
69.691,105030
69.711,105077
69.733,105061
69.751,105140
69.771,105198
69.792,105128
69.812,105154
69.832,105202
69.852,105191
69.872,105285
69.893,105311
69.912,105222
69.932,105234
69.952,105283
69.972,105261
69.993,105336
70.011,105404
70.031,105312
70.052,105364
70.073,105437
70.091,105420
70.111,105510
70.131,105546
70.151,105470
70.172,105493
70.192,105550
70.213,105543
70.232,105610
70.252,105666
70.272,105591
70.292,105601
70.312,105656
70.332,105643
70.353,105729
70.374,105701
70.392,105484
70.412,105346
70.433,105255
70.453,105157
70.471,105181
70.491,105197
70.511,105105
70.533,105130
70.551,105161
70.571,105127
70.591,105186
70.612,105191
70.632,105128
70.652,105147
70.672,105194
70.693,105150
70.712,105211
70.732,105211
70.752,105128
70.772,105172
70.793,105233
70.813,105223
70.831,105328
70.852,105348
70.873,105305
70.893,105339
70.911,105398
70.931,105390
70.951,105481
70.972,105482
70.992,105397
71.013,105428
71.031,105477
71.052,105453
71.072,105553
71.092,105553
71.112,105468
71.132,105530
71.152,105587
71.174,105529
71.192,105491
71.212,105343
71.232,105085
71.253,105037
71.273,105011
71.291,104973
71.311,105053
71.333,105046
71.353,104945
71.371,104983
71.391,105009
71.412,104999
71.432,105098
71.452,105080
71.472,105000
71.493,105040
71.512,105048
71.532,105018
71.552,105131
71.572,105115
71.592,105042
71.613,105097
71.633,105153
71.652,105137
71.672,105270
71.693,105260
71.713,105188
71.731,105233
71.751,105273
71.772,105250
71.792,105330
71.813,105332
71.831,105269
71.852,105322
71.872,105353
71.892,105356
71.912,105458
71.932,105455
71.952,105350
71.974,105318
71.992,105177
72.012,105046
72.032,105056
72.053,104984
72.073,104888
72.091,104950
72.111,104951
72.133,104952
72.153,105078
72.171,105043
72.191,104992
72.212,105066
72.232,105088
72.252,105066
72.272,105134
72.293,105108
72.312,105047
72.332,105084
72.352,105110
72.372,105114
72.392,105209
72.413,105255
72.433,105165
72.452,105241
72.472,105285
72.493,105296
72.513,105423
72.531,105399
72.551,105336
72.572,105383
72.592,105435
72.613,105426
72.631,105520
72.652,105517
72.672,105476
72.692,105531
72.712,105536
72.732,105400
72.752,105344
72.774,105188
72.792,105027
72.812,105031
72.832,105031
72.853,105046
72.873,105125
72.893,105120
72.913,105030
72.933,105111
72.953,105137
72.973,105144
72.993,105250
73.012,105196
73.032,105136
73.052,105198
73.072,105206
73.093,105202
73.112,105326
73.132,105298
73.152,105260
73.172,105347
73.192,105369
73.213,105405
73.233,105521
73.254,105490
73.272,105433
73.293,105518
73.313,105554
73.333,105590
73.353,105664
73.373,105641
73.393,105576
73.415,105670
73.433,105687
73.453,105698
73.474,105811
73.494,105777
73.512,105600
73.532,105497
73.552,105359
73.574,105244
73.594,105259
73.612,105178
73.632,105127
73.653,105176
73.673,105195
73.693,105194
73.713,105260
73.734,105219
73.753,105182
73.773,105260
73.793,105248
73.813,105240
73.833,105313
73.854,105251
73.874,105194
73.895,105287
73.913,105282
73.934,105322
73.954,105412
73.974,105381
73.994,105361
74.013,105456
74.033,105456
74.054,105487
74.074,105586
74.094,105514
74.113,105511
74.133,105587
74.153,105569
74.173,105611
74.193,105704
74.215,105633
74.233,105613
74.253,105712
74.273,105723
74.294,105771
74.314,105806
74.334,105563
74.354,105378
74.375,105335
74.394,105232
74.414,105224
74.434,105280
74.454,105200
74.475,105199
74.495,105244
74.515,105234
74.534,105259
74.555,105331
74.575,105247
74.595,105241
74.613,105310
74.633,105262
74.654,105312
74.674,105351
74.695,105276
74.713,105269
74.734,105346
74.754,105339
74.774,105398
74.794,105468
74.814,105382
74.834,105386
74.856,105476
74.874,105469
74.894,105528
74.914,105589
74.935,105497
74.955,105495
74.975,105582
74.995,105562
75.016,105603
75.035,105675
75.055,105606
75.075,105647
75.095,105684
75.114,105555
75.134,105463
75.154,105368
75.175,105204
75.196,105153
75.214,105188
75.234,105134
75.254,105202
75.274,105287
75.295,105215
75.315,105212
75.336,105278
75.354,105267
75.375,105308
75.395,105351
75.415,105262
75.435,105265
75.455,105322
75.476,105289
75.497,105355
75.515,105388
75.535,105334
75.556,105375
75.576,105449
75.596,105422
75.616,105520
75.634,105565
75.656,105494
75.676,105535
75.696,105589
75.714,105580
75.735,105696
75.755,105711
75.775,105635
75.795,105657
75.816,105741
75.835,105733
75.855,105842
75.875,105790
75.895,105588
75.916,105474
75.936,105387
75.956,105295
75.977,105335
75.996,105343
76.016,105271
76.036,105357
76.056,105377
76.076,105379
76.096,105485
76.117,105477
76.136,105403
76.156,105457
76.176,105488
76.197,105437
76.215,105522
76.235,105538
76.255,105455
76.276,105514
76.297,105571
76.315,105564
76.335,105673
76.356,105726
76.376,105634
76.396,105705
76.416,105745
76.436,105754
76.458,105845
76.476,105858
76.496,105770
76.516,105828
76.536,105881
76.557,105878
76.577,105963
76.597,105985
76.618,105921
76.637,106001
76.657,105975
76.677,105829
76.697,105755
76.716,105611
76.736,105447
76.756,105457
76.777,105485
76.796,105469
76.816,105574
76.836,105559
76.856,105482
76.876,105539
76.896,105565
76.917,105553
76.938,105632
76.956,105637
76.976,105523
76.997,105579
77.017,105595
77.037,105587
77.057,105697
77.077,105687
77.099,105602
77.117,105700
77.137,105729
77.157,105743
77.177,105844
77.198,105842
77.216,105758
77.236,105833
77.258,105852
77.278,105866
77.298,105968
77.316,105960
77.336,105893
77.357,105966
77.377,105982
77.397,105985
77.418,106110
77.437,106059
77.457,105892
77.477,105779
77.497,105628
77.517,105509
77.537,105539
77.558,105476
77.579,105396
77.597,105473
77.617,105507
77.638,105506
77.658,105595
77.678,105563
77.698,105491
77.717,105547
77.738,105553
77.758,105513
77.778,105599
77.798,105527
77.817,105457
77.837,105520
77.857,105510
77.877,105537
77.899,105623
77.917,105571
77.937,105534
77.957,105630
77.977,105638
77.998,105654
78.018,105735
78.038,105704
78.059,105661
78.078,105730
78.098,105726
78.118,105744
78.138,105834
78.158,105783
78.179,105751
78.199,105854
78.218,105798
78.238,105706
78.259,105645
78.279,105456
78.299,105330
78.317,105344
78.337,105300
78.358,105317
78.379,105409
78.397,105352
78.417,105323
78.438,105400
78.458,105405
78.478,105402
78.498,105508
78.518,105422
78.54,105375
78.558,105425
78.578,105398
78.598,105421
78.619,105511
78.639,105449
78.659,105420
78.679,105518
78.7,105511
78.719,105566
78.739,105674
78.759,105601
78.779,105583
78.799,105666
78.818,105625
78.838,105703
78.859,105773
78.879,105703
78.898,105709
78.918,105800
78.938,105799
78.958,105866
78.979,105930
78.999,105762
79.02,105627
79.038,105547
79.059,105398
79.079,105374
79.099,105424
79.119,105329
79.139,105362
79.159,105433
79.181,105433
79.199,105504
79.219,105570
79.239,105505
79.26,105482
79.28,105545
79.3,105513
79.318,105545
79.34,105586
79.36,105480
79.38,105498
79.4,105581
79.418,105564
79.439,105655
79.459,105733
79.479,105632
79.5,105679
79.519,105742
79.539,105733
79.559,105787
79.579,105875
79.599,105803
79.62,105821
79.64,105874
79.661,105838
79.679,105920
79.7,105994
79.72,105900
79.74,105803
79.76,105722
79.78,105561
79.8,105473
79.822,105470
79.84,105338
79.86,105355
79.88,105401
79.901,105397
79.919,105446
79.939,105513
79.959,105423
79.981,105432
79.999,105505
80.019,105469
80.039,105476
80.06,105532
80.08,105449
80.1,105421
80.12,105500
80.141,105478
80.16,105556
80.18,105600
80.2,105519
80.22,105540
80.24,105566
80.261,105579
80.281,105655
80.302,105721
80.32,105665
80.341,105721
80.361,105791
80.381,105777
80.401,105849
80.42,105920
80.44,105854
80.461,105857
80.481,105853
80.5,105673
80.52,105586
80.54,105488
80.56,105338
80.58,105303
80.6,105367
80.622,105339
80.64,105408
80.66,105427
80.68,105347
80.701,105340
80.721,105419
80.741,105387
80.761,105450
80.782,105444
80.801,105351
80.821,105333
80.841,105389
80.861,105355
80.882,105427
80.902,105455
80.92,105364
80.941,105411
80.962,105468
80.982,105436
81.002,105533
81.02,105550
81.04,105453
81.061,105489
81.081,105544
81.102,105529
81.12,105595
81.141,105628
81.161,105542
81.181,105575
81.201,105658
81.221,105589
81.242,105535
81.263,105409
81.281,105192
81.301,105107
81.322,105108
81.342,105057
81.362,105130
81.382,105168
81.402,105090
81.422,105115
81.442,105162
81.462,105147
81.482,105216
81.502,105249
81.521,105148
81.541,105138
81.561,105181
81.582,105142
81.601,105227
81.621,105247
81.641,105183
81.661,105215
81.682,105271
81.702,105270
81.722,105347
81.743,105390
81.762,105316
81.782,105343
81.802,105391
81.822,105393
81.842,105472
81.862,105495
81.883,105440
81.904,105495
81.922,105550
81.942,105526
81.963,105534
81.983,105426
82.003,105199
82.021,105128
82.042,105121
82.063,105068
82.083,105145
82.101,105180
82.122,105090
82.142,105140
82.162,105188
82.182,105183
82.202,105284
82.224,105265
82.242,105195
82.262,105221
82.282,105245
82.302,105209
82.323,105284
82.343,105315
82.363,105244
82.384,105288
82.403,105356
82.423,105345
82.443,105451
82.463,105477
82.483,105411
82.503,105471
82.524,105535
82.543,105506
82.563,105608
82.583,105623
82.604,105568
82.622,105602
82.642,105651
82.662,105640
82.683,105749
82.704,105736
82.722,105505
82.742,105371
82.763,105280
82.783,105139
82.803,105198
82.823,105192
82.843,105086
82.865,105121
82.883,105154
82.903,105111
82.923,105192
82.943,105193
82.964,105136
82.984,105169
83.004,105209
83.025,105195
83.044,105242
83.064,105251
83.084,105173
83.104,105214
83.123,105246
83.143,105253
83.163,105366
83.184,105388
83.204,105316
83.223,105375
83.243,105421
83.263,105404
83.283,105494
83.303,105534
83.324,105456
83.345,105515
83.363,105557
83.383,105561
83.404,105643
83.424,105666
83.444,105592
83.464,105664
83.484,105696
83.506,105587
83.524,105490
83.544,105311
83.564,105127
83.585,105098
83.605,105094
83.625,105048
83.643,105150
83.665,105141
83.685,105060
83.705,105084
83.725,105105
83.743,105112
83.764,105196
83.784,105191
83.804,105097
83.825,105133
83.844,105149
83.864,105161
83.884,105216
83.904,105233
83.924,105176
83.945,105231
83.965,105286
83.986,105282
84.004,105392
84.025,105384
84.045,105310
84.065,105371
84.085,105380
84.105,105393
84.125,105440
84.147,105454
84.165,105437
84.185,105441
84.205,105469
84.226,105435
84.246,105525
84.264,105536
84.284,105475
84.306,105471
84.326,105366
84.344,105201
84.364,105139
84.385,105046
84.405,104929
84.425,104948
84.445,104974
84.466,104943
84.485,105070
84.505,105028
84.525,104953
84.545,105001
84.565,105030
84.586,105008
84.606,105087
84.627,105053
84.645,104891
84.666,104999
84.686,105036
84.706,105001
84.726,105111
84.746,105114
84.765,105078
84.786,105121
84.806,105175
84.826,105185
84.846,105298
84.865,105352
84.885,105203
84.905,105266
84.925,105306
84.947,105293
84.965,105481
84.985,105375
85.005,105320
85.026,105377
85.046,105419
85.066,105422
85.086,105405
85.107,105250
85.126,104979
85.146,104963
85.166,104939
85.186,104896
85.206,104998
85.227,105062
85.247,105038
85.266,105038
85.287,104990
85.307,105082
85.327,105208
85.347,105160
85.365,104940
85.386,105076
85.406,105071
85.427,105064
85.447,105092
85.466,104995
85.486,105064
85.506,105141
85.526,105170
85.546,105196
85.566,105305
85.588,105323
85.606,105256
85.626,105350
85.646,105356
85.667,105388
85.687,105561
85.707,105563
85.727,105452
85.748,105488
85.793,105624
85.813,105609
85.833,105578
85.854,105632
85.874,105511
85.892,105346
85.912,105279
85.934,105138
85.954,105011
85.972,105057
85.992,105074
86.012,105059
86.033,105137
86.053,105097
86.073,105041
86.094,105100
86.113,105131
86.133,105130
86.153,105203
86.173,105144
86.193,105077
86.214,105149
86.234,105148
86.255,105149
86.273,105259
86.294,105239
86.314,105218
86.334,105275
86.352,105300
86.372,105355
86.393,105448
86.414,105404
86.432,105369
86.452,105442
86.473,105454
86.493,105492
86.513,105567
86.533,105540
86.553,105497
86.575,105571
86.593,105575
86.613,105585
86.633,105694
86.654,105678
86.674,105634
86.694,105643
86.712,105466
86.734,105311
86.754,105235
86.774,105124
86.792,105006
86.812,105090
86.833,105038
86.853,105049
86.873,105132
86.894,105064
86.913,105008
86.933,105078
86.953,105093
86.973,105100
86.993,105202
87.014,105115
87.034,105029
87.055,105109
87.073,105118
87.094,105098
87.114,105210
87.134,105153
87.152,105121
87.172,105214
87.193,105229
87.214,105249
87.232,105333
87.252,105293
87.273,105251
87.293,105312
87.313,105338
87.333,105335
87.353,105448
87.375,105400
87.393,105352
87.413,105437
87.433,105469
87.454,105460
87.474,105574
87.494,105528
87.514,105494
87.534,105541
87.554,105415
87.574,105267
87.594,105192
87.612,105017
87.633,104897
87.653,104956
87.673,104922
87.694,104983
87.713,105054
87.733,104998
87.753,104925
87.773,105007
87.793,105010
87.814,105040
87.834,105094
87.855,105011
87.873,104975
87.894,105034
87.914,105004
87.934,105074
87.954,105139
87.972,105088
87.993,105084
88.014,105172
88.034,105189
88.052,105251
88.073,105323
88.093,105276
88.113,105265
88.133,105365
88.153,105352
88.175,105407
88.193,105491
88.213,105409
88.233,105438
88.253,105495
88.274,105491
88.294,105547
88.314,105634
88.334,105571
88.354,105536
88.374,105453
88.394,105277
88.412,105194
88.433,105175
88.453,105014
88.473,105008
88.494,105070
88.513,105056
88.533,105119
88.553,105166
88.573,105071
88.593,105094
88.613,105173
88.634,105127
88.655,105160
88.673,105190
88.693,105109
88.714,105108
88.734,105156
88.754,105146
88.774,105191
88.793,105259
88.814,105196
88.834,105254
88.852,105322
88.873,105307
88.893,105399
88.913,105467
88.933,105387
88.953,105400
88.975,105476
88.993,105453
89.013,105516
89.033,105551
89.053,105480
89.074,105510
89.094,105571
89.114,105556
89.135,105643
89.154,105674
89.174,105497
89.194,105363
89.214,105234
89.233,105094
89.253,105079
89.273,105069
89.294,104988
89.313,104994
89.333,105054
89.353,105017
89.373,105086
89.393,105121
89.413,105032
89.434,105039
89.455,105078
89.473,105019
89.493,105098
89.514,105086
89.534,104981
89.554,105013
89.574,105056
89.593,105062
89.614,105136
89.634,105176
89.654,105102
89.673,105135
89.693,105181
89.713,105180
89.733,105228
89.753,105297
89.775,105210
89.793,105222
89.813,105293
89.833,105262
89.853,105347
89.874,105374
89.894,105291
89.914,105316
89.935,105413
89.954,105397
89.974,105457
89.994,105368
90.014,105123
90.033,105002
90.053,104931
90.073,104841
90.094,104883
90.113,104926
90.133,104839
90.153,104867
90.173,104919
90.193,104879
90.213,104974
90.234,105010
90.255,104919
90.273,104928
90.293,104987
90.314,104915
90.334,104977
90.354,105009
90.374,104909
90.394,104942
90.414,105017
90.434,105019
90.454,105083
90.474,105141
90.493,105078
90.513,105087
90.533,105169
90.553,105151
90.575,105226
90.593,105281
90.613,105197
90.633,105214
90.653,105287
90.674,105261
90.694,105336
90.714,105416
90.735,105339
90.754,105310
90.774,105224
90.794,105038
90.814,104982
90.834,104940
90.853,104830
90.873,104812
90.894,104872
90.914,104845
90.933,104963
90.953,104984
90.973,104909
90.993,104926
91.013,104991
91.034,104972
91.055,105012
91.073,105048
91.093,104947
91.114,104942
91.134,104996
91.154,104997
91.174,105062
91.194,105129
91.214,105062
91.234,105102
91.254,105174
91.274,105171
91.293,105249
91.313,105313
91.333,105236
91.353,105255
91.375,105306
91.393,105283
91.413,105363
91.433,105435
91.453,105388
91.474,105407
91.494,105469
91.514,105445
91.535,105519
91.554,105612
91.574,105482
91.594,105349
91.614,105248
91.634,105048
91.653,105018
91.673,105003
91.694,104885
91.714,104897
91.733,104954
91.753,104918
91.773,104974
91.793,105010
91.813,104938
91.834,104933
91.855,104990
91.873,104953
91.893,105001
91.914,105031
91.934,104938
91.954,104944
91.974,105016
91.994,105004
92.014,105085
92.034,105152
92.054,105085
92.074,105119
92.093,105196
92.113,105160
92.133,105257
92.153,105288
92.174,105211
92.193,105239
92.213,105304
92.233,105288
92.253,105381
92.274,105404
92.294,105342
92.314,105376
92.335,105433
92.354,105331
92.374,105245
92.394,105129
92.414,104901
92.434,104812
92.453,104835
92.473,104783
92.494,104830
92.514,104869
92.533,104793
92.553,104785
92.573,104853
92.593,104824
92.613,104887
92.634,104937
92.655,104817
92.673,104842
92.693,104887
92.714,104822
92.734,104890
92.754,104920
92.774,104851
92.794,104872
92.814,104971
92.834,104936
92.854,105012
92.874,105053
92.893,104950
92.913,104996
92.933,105048
92.953,105033
92.974,105109
92.993,105131
93.013,105068
93.033,105112
93.053,105165
93.074,105135
93.094,105246
93.114,105269
93.135,105199
93.154,105216
93.174,105124
93.194,104919
93.214,104879
93.234,104782
93.253,104627
93.273,104651
93.294,104684
93.314,104680
93.333,104777
93.353,104776
93.373,104686
93.393,104741
93.413,104794
93.434,104754
93.455,104863
93.473,104832
93.493,104750
93.514,104780
93.534,104802
93.554,104810
93.574,104921
93.594,104944
93.614,104893
93.634,104951
93.654,104988
93.674,105008
93.693,105130
93.713,105117
93.733,105047
93.753,105112
93.774,105156
93.793,105151
93.813,105244
93.833,105261
93.853,105174
93.874,105235
93.894,105299
93.914,105286
93.935,105407
93.954,105420
93.974,105289
93.994,105218
94.014,105058
94.034,104910
94.054,104888
94.073,104828
94.094,104727
94.114,104797
94.134,104809
94.153,104803
94.173,104904
94.193,104894
94.213,104814
94.233,104880
94.255,104912
94.273,104895
94.293,104988
94.314,104944
94.334,104867
94.354,104918
94.374,104941
94.394,104926
94.416,105042
94.434,105070
94.454,104999
94.474,105069
94.494,105108
94.513,105103
94.533,105224
94.553,105218
94.574,105149
94.593,105207
94.613,105219
94.633,105231
94.653,105344
94.674,105337
94.694,105267
94.714,105345
94.735,105389
94.754,105380
94.774,105371
94.794,105203
94.814,104953
94.834,104895
94.854,104832
94.873,104814
94.894,104879
94.914,104836
94.934,104765
94.953,104807
94.973,104817
94.993,104820
95.013,104897
95.033,104885
95.055,104797
95.073,104827
95.093,104843
95.113,104810
95.134,104887
95.154,104878
95.174,104805
95.194,104877
95.215,104926
95.234,104921
95.254,105030
95.274,105030
95.294,104964
95.315,105002
95.333,105042
95.353,105041
95.374,105134
95.395,105111
95.413,105041
95.433,105115
95.453,105132
95.473,105124
95.494,105212
95.514,105203
95.535,105136
95.554,105204
95.574,105228
95.594,105197
95.614,105161
95.634,104949
95.654,104737
95.675,104703
95.696,104643
95.714,104616
95.734,104711
95.755,104676
95.775,104625
95.793,104675
95.813,104696
95.833,104677
95.855,104799
95.873,104762
95.893,104706
95.913,104740
95.934,104754
95.954,104724
95.974,104833
95.994,104803
96.015,104746
96.034,104818
96.054,104863
96.074,104866
96.094,104984
96.115,104963
96.135,104916
96.153,104991
96.174,105035
96.195,105053
96.215,105150
96.233,105105
96.253,105077
96.273,105138
96.294,105159
96.314,105159
96.335,105267
96.354,105264
96.374,105228
96.394,105268
96.414,105193
96.434,105023
96.454,104955
96.475,104818
96.496,104654
96.514,104710
96.534,104719
96.555,104723
96.575,104828
96.595,104792
96.613,104717
96.633,104785
96.655,104794
96.675,104806
96.693,104860
96.713,104844
96.734,104756
96.754,104805
96.774,104806
96.794,104849
96.815,104949
96.834,104929
96.854,104877
96.874,104969
96.894,105009
96.915,105031
96.935,105155
96.955,105136
96.976,105069
96.995,105145
97.015,105170
97.035,105169
97.055,105273
97.073,105256
97.094,105202
97.114,105254
97.135,105290
97.153,105270
97.174,105402
97.194,105376
97.214,105318
97.234,105361
97.254,105301
97.275,105118
97.296,105029
97.314,104874
97.334,104711
97.355,104705
97.375,104722
97.395,104679
97.415,104803
97.435,104789
97.455,104677
97.475,104736
97.495,104772
97.515,104759
97.534,104838
97.554,104825
97.574,104733
97.594,104765
97.615,104791
97.634,104768
97.654,104869
97.674,104873
97.694,104805
97.714,104870
97.735,104914
97.755,104913
97.776,105022
97.794,105033
97.815,104962
97.835,104992
97.855,105041
97.875,105011
97.895,105098
97.914,105116
97.935,105022
97.955,105067
97.975,105129
97.994,105118
98.014,105178
98.034,105226
98.054,105128
98.074,105155
98.096,105227
98.114,105130
98.134,105062
98.154,104900
98.175,104690
98.195,104599
98.215,104600
98.235,104553
98.256,104625
98.275,104659
98.295,104571
98.315,104589
98.335,104626
98.354,104593
98.374,104660
98.394,104702
98.415,104605
98.434,104606
98.454,104640
98.474,104630
98.494,104675
98.514,104717
98.535,104652
98.555,104670
98.576,104743
98.594,104735
98.615,104817
98.635,104866
98.655,104793
98.675,104816
98.695,104898
98.715,104870
98.735,104933
98.755,104979
98.775,104905
98.796,104947
98.814,105006
98.834,104974
98.854,105063
98.874,105130
98.896,105082
98.914,105074
98.934,105047
98.954,104860
98.975,104761
98.995,104710
99.015,104554
99.035,104538
99.056,104603
99.075,104584
99.095,104639
99.115,104686
99.135,104614
99.155,104598
99.176,104684
99.194,104672
99.215,104701
99.236,104760
99.256,104674
99.274,104628
99.294,104718
99.314,104717
99.335,104770
99.355,104855
99.376,104797
99.394,104808
99.415,104927
99.435,104935
99.455,104981
99.475,105069
99.495,105006
99.515,104978
99.537,105059
99.555,105063
99.575,105116
99.595,105244
99.616,105193
99.636,105142
99.654,105236
99.674,105238
99.696,105279
99.716,105361
99.734,105253
99.754,105037
99.775,104936
99.795,104795
99.815,104733
99.835,104785
99.856,104691
99.875,104644
99.895,104702
99.915,104707
99.935,104714
99.955,104789
99.976,104748
99.996,104713
100.017,104787
100.035,104779
100.056,104768
100.076,104831
100.096,104783
100.114,104732
100.135,104824
100.155,104838
100.176,104878
100.194,105016
100.215,104993
100.235,104964
100.255,105060
100.275,105086
100.295,105089
100.315,105194
100.337,105152
100.355,105121
100.375,105184
100.395,105187
100.416,105205
100.436,105297
100.456,105251
100.474,105214
100.496,105272
100.516,105304
100.536,105332
100.554,105362
100.574,105157
100.595,104950
100.615,104856
100.635,104757
100.656,104693
100.675,104753
100.695,104720
100.715,104663
100.735,104706
100.755,104716
100.776,104708
100.796,104804
100.817,104759
100.835,104690
100.856,104745
100.876,104722
100.896,104704
100.916,104806
100.934,104802
100.955,104718
100.976,104771
100.996,104839
101.014,104845
101.035,104964
101.055,104965
101.075,104906
101.095,104973
101.115,105024
101.137,105027
101.155,105105
101.175,105096
101.195,105050
101.215,105090
101.236,105164
101.256,105147
101.276,105247
101.297,105273
101.316,105217
101.336,105264
101.356,105233
101.376,105045
101.395,104991
101.415,104836
101.435,104692
101.456,104692
101.475,104724
101.495,104687
101.515,104782
101.535,104771
101.555,104668
101.575,104709
101.596,104748
101.617,104718
101.635,104797
101.655,104783
101.676,104673
101.696,104687
101.716,104729
101.736,104696
101.756,104765
101.776,104795
101.796,104729
101.816,104753
101.836,104825
101.855,104835
101.875,104894
101.895,104938
101.915,104890
101.937,104913
101.955,104970
101.975,104956
101.995,105021
102.015,105050
102.036,105000
102.056,105011
102.076,105066
102.097,105047
102.116,105116
102.136,105119
102.156,104876
102.176,104726
102.196,104666
102.216,104548
102.235,104546
102.256,104602
102.276,104511
102.297,104519
102.315,104590
102.335,104558
102.355,104608
102.375,104685
102.396,104629
102.417,104627
102.435,104691
102.455,104683
102.476,104705
102.496,104777
102.516,104703
102.536,104696
102.556,104782
102.578,104757
102.596,104843
102.616,104898
102.636,104856
102.656,104832
102.675,104915
102.695,104926
102.715,104988
102.736,105077
102.755,105048
102.775,105005
102.795,105073
102.815,105125
102.836,105153
102.856,105214
102.876,105049
102.897,104857
102.916,104756
102.936,104678
102.956,104635
102.976,104708
102.996,104651
103.016,104614
103.037,104690
103.056,104710
103.076,104739
103.096,104849
103.117,104819
103.135,104746
103.155,104825
103.175,104808
103.196,104793
103.217,104875
103.235,104839
103.255,104809
103.276,104885
103.296,104932
103.316,104946
103.336,105045
103.356,105049
103.378,105001
103.396,105079
103.416,105107
103.436,105103
103.456,105228
103.477,105203
103.497,105143
103.515,105210
103.536,105253
103.557,105255
103.577,105356
103.595,105281
103.615,105030
103.636,104927
103.656,104781
103.676,104688
103.697,104737
103.716,104712
103.736,104639
103.756,104684
103.776,104720
103.796,104689
103.816,104773
103.837,104795
103.858,104711
103.876,104761
103.896,104788
103.917,104749
103.937,104824
103.957,104817
103.975,104746
103.995,104787
104.017,104838
104.037,104826
104.055,104925
104.076,104960
104.096,104913
104.116,104953
104.136,105018
104.156,105002
104.178,105082
104.196,105112
104.216,105057
104.236,105077
104.256,105125
104.277,105113
104.297,105204
104.317,105223
104.336,105122
104.357,105032
104.377,104881
104.397,104734
104.415,104695
104.435,104670
104.456,104569
104.476,104586
104.497,104637
104.516,104598
104.536,104668
104.556,104691
104.576,104622
104.596,104655
104.616,104703
104.637,104670
104.658,104681
104.676,104709
104.696,104601
104.717,104619
104.737,104715
104.757,104691
104.777,104788
104.795,104817
104.817,104760
104.837,104797
104.857,104860
104.875,104841
104.896,104914
104.916,104964
104.936,104901
104.956,104930
104.977,104988
104.996,104974
105.016,105049
105.036,105102
105.056,105040
105.076,105003
105.097,104922
105.117,104741
105.138,104684
105.157,104645
105.177,104537
105.197,104524
105.217,104586
105.237,104572
105.256,104643
105.276,104702
105.297,104626
105.317,104652
105.336,104734
105.356,104697
105.376,104742
105.396,104782
105.416,104689
105.436,104707
105.458,104758
105.476,104762
105.496,104849
105.516,104923
105.537,104862
105.557,104871
105.577,104928
105.597,104934
105.618,105023
105.637,105056
105.657,105007
105.677,105043
105.697,105109
105.716,105116
105.736,105183
105.756,105250
105.777,105175
105.796,105112
105.816,105032
105.836,104840
105.856,104790
105.876,104750
105.897,104642
105.917,104648
105.938,104717
105.956,104695
105.977,104757
105.997,104797
106.017,104741
106.037,104737
106.057,104796
106.076,104773
106.097,104810
106.117,104856
106.137,104751
106.156,104743
106.176,104802
106.196,104802
106.216,104885
106.236,104949
106.258,104891
106.276,104909
106.296,104980
106.316,104984
106.337,105030
106.357,105120
106.377,105034
106.397,105034
106.418,105113
106.437,105114
106.457,105162
106.477,105222
106.497,105170
106.517,105174
106.536,105198
106.556,105025
106.577,104904
106.597,104813
106.616,104658
106.636,104606
106.656,104669
106.676,104652
106.697,104685
106.717,104758
106.738,104686
106.756,104685
106.777,104744
106.797,104735
106.817,104779
106.837,104840
106.857,104744
106.877,104711
106.899,104767
106.917,104771
106.937,104853
106.957,104915
106.978,104832
106.996,104855
107.016,104922
107.036,104921
107.058,104990
107.076,105042
107.096,104986
107.116,104955
107.137,105025
107.157,105036
107.177,105071
107.197,105154
107.218,105097
107.237,105073
107.257,105147
107.277,105148
107.297,105143
107.317,105072
107.338,104846
107.358,104669
107.377,104666
107.397,104602
107.418,104620
107.436,104689
107.456,104626
107.476,104603
107.497,104660
107.517,104663
107.538,104676
107.556,104749
107.577,104675
107.597,104616
107.617,104658
107.637,104621
107.657,104650
107.677,104731
107.699,104669
107.717,104648
107.737,104732
107.757,104743
107.778,104779
107.798,104880
107.816,104834
107.836,104824
107.858,104891
107.878,104890
107.896,104925
107.916,105028
107.937,104968
107.957,104948
107.977,105014
107.997,105012
108.018,105074
108.037,105148
108.057,105022
108.077,104837
108.097,104752
108.117,104653
108.138,104615
108.158,104681
108.179,104651
108.197,104621
108.218,104700
108.238,104714
108.258,104761
108.276,104869
108.297,104836
108.317,104775
108.338,104838
108.356,104805
108.377,104813
108.397,104921
108.417,104878
108.437,104849
108.457,104926
108.477,104959
108.499,104977
108.517,105097
108.537,105080
108.557,105027
108.578,105099
108.598,105118
108.618,105103
108.636,105212
108.658,105206
108.678,105144
108.698,105220
108.716,105258
108.737,105287
108.757,105400
108.777,105383
108.797,105208
108.818,105098
108.837,104979
108.857,104859
108.877,104899
108.897,104853
108.917,104780
108.938,104845
108.958,104891
108.979,104874
108.997,104976
109.018,104967
109.038,104929
109.058,104960
109.078,104971
109.096,104945
109.117,105036
109.138,105013
109.158,104949
109.176,104990
109.197,105059
109.217,105063
109.237,105157
109.257,105193
109.277,105135
109.299,105190
109.317,105253
109.337,105238
109.357,105311
109.378,105356
109.398,105273
109.418,105307
109.438,105366
109.459,105358
109.478,105436
109.498,105470
109.518,105402
109.538,105417
109.557,105398
109.577,105181
109.597,105099
109.618,105010
109.637,104859
109.657,104849
109.677,104896
109.697,104876
109.717,104939
109.738,104967
109.758,104894
109.779,104918
109.797,104992
109.818,104976
109.838,105021
109.858,105057
109.878,104949
109.898,104957
109.918,104988
109.938,104973
109.958,105022
109.978,105100
109.998,105019
110.017,105046
110.037,105121
110.057,105119
110.077,105185
110.099,105246
110.117,105187
110.137,105204
110.157,105256
110.178,105241
110.198,105295
110.218,105372
110.238,105276
110.259,105269
110.278,105364
110.298,105332
110.318,105324
110.338,105246
110.358,105030
110.379,104847
110.399,104805
110.42,104716
110.438,104731
110.459,104810
110.479,104756
110.499,104703
110.517,104763
110.538,104763
110.558,104804
110.579,104884
110.599,104827
110.618,104747
110.638,104823
110.658,104785
110.678,104804
110.698,104869
110.718,104868
110.74,104816
110.758,104885
110.778,104923
110.798,104930
110.819,105049
110.839,105013
110.859,104954
110.879,105044
110.9,105048
110.919,105070
110.939,105171
110.959,105133
110.979,105072
110.999,105130
111.02,105177
111.038,105187
111.059,105303
111.079,105242
111.1,105062
111.12,104967
111.138,104848
111.158,104748
111.179,104812
111.199,104753
111.22,104709
111.238,104794
111.259,104813
111.279,104797
111.299,104918
111.319,104897
111.339,104851
111.359,104885
111.381,104902
111.399,104885
111.419,104972
111.439,104967
111.46,104879
111.48,104942
111.5,105009
111.52,105019
111.541,105112
111.56,105107
111.58,105064
111.6,105106
111.62,105165
111.64,105144
111.659,105234
111.679,105261
111.7,105189
111.721,105237
111.741,105302
111.759,105262
111.779,105349
111.799,105398
111.82,105277
111.84,105205
111.861,105072
111.879,104900
111.9,104884
111.92,104847
111.94,104731
111.96,104756
111.98,104801
112,104793
112.022,104859
112.04,104882
112.06,104790
112.08,104838
112.101,104884
112.121,104870
112.141,104903
112.161,104949
112.181,104848
112.201,104868
112.221,104922
112.241,104902
112.261,104988
112.28,105033
112.3,104982
112.32,104991
112.341,105065
112.36,105045
112.38,105132
112.4,105170
112.42,105114
112.44,105123
112.461,105190
112.481,105152
112.502,105243
112.52,105313
112.541,105237
112.561,105234
112.581,105186
112.601,104970
112.621,104881
112.641,104820
112.663,104667
112.681,104626
112.701,104696
112.721,104669
112.742,104726
112.762,104776
112.782,104687
112.8,104705
112.822,104767
112.842,104761
112.862,104788
112.88,104855
112.901,104749
112.921,104732
112.941,104792
112.961,104766
112.982,104818
113.001,104929
113.021,104891
113.041,104884
113.061,104970
113.081,104970
113.102,105004
113.122,105092
113.143,105049
113.161,105025
113.182,105102
113.202,105087
113.222,105127
113.242,105219
113.262,105174
113.283,105146
113.304,105117
113.322,104971
113.342,104858
113.363,104834
113.383,104728
113.401,104700
113.421,104762
113.441,104764
113.463,104812
113.483,104875
113.501,104849
113.521,104812
113.542,104875
113.562,104878
113.582,104877
113.602,104978
113.623,104895
113.642,104843
113.662,104905
113.682,104918
113.702,104929
113.723,105040
113.743,105022
113.763,104983
113.784,105057
113.803,105075
113.823,105107
113.843,105197
113.863,105187
113.883,105157
113.903,105218
113.924,105222
113.943,105236
113.963,105350
113.983,105333
114.004,105228
114.022,105141
114.042,105036
114.062,104919
114.083,104961
114.104,104886
114.122,104842
114.142,104887
114.163,104902
114.183,104948
114.203,105015
114.223,105030
114.243,104962
114.265,104998
114.283,105022
114.303,105003
114.323,105057
114.343,105055
114.364,104966
114.384,105012
114.404,105047
114.425,105067
114.444,105180
114.464,105191
114.484,105120
114.504,105175
114.524,105202
114.544,105205
114.563,105302
114.584,105320
114.604,105251
114.624,105295
114.643,105352
114.663,105350
114.683,105423
114.703,105299
114.724,105082
114.745,105000
114.763,104969
114.783,104902
114.804,104992
114.824,104996
114.844,104938
114.864,105001
114.884,105058
114.906,105042
114.924,105137
114.944,105153
114.964,105066
114.984,105077
115.005,105115
115.025,105070
115.045,105141
115.066,105144
115.085,105070
115.105,105103
115.125,105170
115.145,105142
115.164,105225
115.184,105250
115.204,105175
115.225,105201
115.245,105252
115.264,105238
115.284,105308
115.304,105359
115.324,105265
115.344,105276
115.365,105376
115.386,105342
115.404,105397
115.424,105343
115.445,105124
115.465,105009
115.485,104987
115.505,104935
115.525,104977
115.547,105028
115.565,104955
115.585,104971
115.605,105047
115.626,105017
115.646,105110
115.666,105166
115.684,105076
115.706,105066
115.726,105114
115.746,105064
115.766,105106
115.784,105170
115.805,105101
115.825,105084
115.845,105170
115.866,105169
115.885,105212
115.905,105307
115.925,105222
115.945,105235
115.965,105312
115.985,105318
116.006,105369
116.027,105430
116.045,105374
116.066,105357
116.086,105442
116.106,105418
116.126,105372
116.146,105314
116.166,105138
116.188,105023
116.206,105060
116.226,105039
116.246,105080
116.267,105201
116.287,105142
116.307,105142
116.325,105225
116.347,105262
116.367,105255
116.387,105352
116.405,105290
116.425,105193
116.446,105278
116.466,105250
116.486,105288
116.507,105384
116.526,105326
116.546,105314
116.566,105396
116.586,105408
116.606,105431
116.627,105535
116.647,105500
116.668,105436
116.686,105525
116.707,105548
116.727,105534
116.747,105645
116.767,105624
116.787,105575
116.807,105635
116.829,105561
116.847,105375
116.867,105338
116.887,105215
116.908,105086
116.926,105143
116.946,105150
116.966,105160
116.988,105276
117.008,105275
117.026,105194
117.046,105282
117.067,105303
117.087,105298
117.107,105375
117.127,105355
117.148,105263
117.167,105294
117.187,105324
117.207,105323
117.227,105408
117.247,105391
117.268,105339
117.288,105408
117.309,105470
117.328,105447
117.348,105540
117.368,105564
117.388,105482
117.408,105555
117.428,105602
117.447,105585
117.468,105674
117.488,105682
117.508,105617
117.529,105666
117.547,105654
117.567,105489
117.587,105413
117.607,105313
117.629,105166
117.647,105163
117.667,105199
117.687,105195
117.708,105271
117.728,105303
117.748,105203
117.768,105246
117.789,105305
117.808,105270
117.828,105345
117.848,105359
117.868,105255
117.889,105238
117.909,105304
117.929,105279
117.95,105339
117.969,105388
117.989,105324
118.009,105348
118.029,105386
118.049,105372
118.068,105468
118.088,105462
118.109,105359
118.129,105377
118.149,105439
118.168,105415
118.188,105479
118.208,105500
118.228,105429
118.249,105424
118.27,105517
118.288,105446
118.308,105407
118.329,105293
118.349,105102
118.369,104989
118.389,105017
118.409,104974
118.431,105013
118.449,105086
118.469,105029
118.489,105027
118.509,105105
118.53,105080
118.55,105118
118.57,105173
118.589,105079
118.61,105048
118.63,105102
118.65,105059
118.668,105092
118.689,105149
118.709,105078
118.729,105069
118.75,105165
118.769,105168
118.789,105235
118.809,105295
118.829,105230
118.849,105229
118.869,105338
118.89,105334
118.911,105366
118.929,105450
118.949,105352
118.97,105326
118.99,105427
119.01,105422
119.03,105455
119.05,105426
119.072,105202
119.09,105053
119.11,105049
119.13,105006
119.15,105052
119.171,105142
119.191,105080
119.209,105071
119.231,105152
119.251,105156
119.271,105184
119.289,105270
119.309,105222
119.33,105156
119.35,105221
119.37,105195
119.391,105193
119.41,105291
119.43,105256
119.45,105198
119.47,105291
119.49,105296
119.51,105318
119.531,105427
119.552,105402
119.57,105365
119.59,105429
119.611,105437
119.631,105448
119.651,105571
119.671,105526
119.691,105450
119.713,105557
119.731,105577
119.751,105580
119.771,105662
119.792,105480
119.81,105275
119.83,105209
119.85,105151
119.872,105114
119.892,105189
119.91,105165
119.93,105105
119.95,105173
119.971,105206
119.991,105176
120.011,105284
120.032,105287
120.051,105195
120.071,105259
120.091,105260
120.111,105232
120.131,105337
120.152,105287
120.172,105206
